Entity,Code,Year,Number of homicides - Both sexes - All ages
Afghanistan,AFG,2009,1115
Afghanistan,AFG,2010,983
Afghanistan,AFG,2011,1231
Afghanistan,AFG,2012,1948
Afghanistan,AFG,2015,3367
Afghanistan,AFG,2016,2318
Afghanistan,AFG,2017,2424
Afghanistan,AFG,2018,2474
Afghanistan,AFG,2019,2712
Afghanistan,AFG,2020,2570
Afghanistan,AFG,2021,1613
Africa (UN),,2000,111753.77
Africa (UN),,2001,114077.99
Africa (UN),,2002,116395.555
Africa (UN),,2003,115552.42
Africa (UN),,2004,116268.305
Africa (UN),,2005,117927.734
Africa (UN),,2006,121433.94
Africa (UN),,2007,122598.22
Africa (UN),,2008,125230.18
Africa (UN),,2009,126907.01
Africa (UN),,2010,129018.16
Africa (UN),,2011,133067.61
Africa (UN),,2012,137077.31
Africa (UN),,2013,140922.72
Africa (UN),,2014,146094.92
Africa (UN),,2015,148535.66
Africa (UN),,2016,151978.38
Africa (UN),,2017,158106.98
Africa (UN),,2018,159546.72
Africa (UN),,2019,163489.23
Africa (UN),,2020,164188.8
Africa (UN),,2021,176380.38
Albania,ALB,1992,130
Albania,ALB,1993,191
Albania,ALB,1994,112
Albania,ALB,1995,259
Albania,ALB,1996,272
Albania,ALB,1997,1334
Albania,ALB,1998,660
Albania,ALB,1999,532
Albania,ALB,2000,131
Albania,ALB,2001,220
Albania,ALB,2002,216
Albania,ALB,2003,166
Albania,ALB,2004,131
Albania,ALB,2005,154
Albania,ALB,2006,95
Albania,ALB,2007,105
Albania,ALB,2008,93
Albania,ALB,2009,85
Albania,ALB,2010,119
Albania,ALB,2011,142
Albania,ALB,2012,157
Albania,ALB,2013,124
Albania,ALB,2014,134
Albania,ALB,2015,64
Albania,ALB,2016,79
Albania,ALB,2017,58
Albania,ALB,2018,66
Albania,ALB,2019,65
Albania,ALB,2020,61
Albania,ALB,2021,66
Algeria,DZA,2006,312
Algeria,DZA,2007,271
Algeria,DZA,2008,328
Algeria,DZA,2009,277
Algeria,DZA,2010,254
Algeria,DZA,2011,280
Algeria,DZA,2012,523
Algeria,DZA,2013,480
Algeria,DZA,2014,577
Algeria,DZA,2015,546
Algeria,DZA,2016,542
Algeria,DZA,2017,524
Algeria,DZA,2018,568
Algeria,DZA,2019,519
Algeria,DZA,2020,654
Algeria,DZA,2021,695
American Samoa,ASM,2001,1
American Samoa,ASM,2002,7
American Samoa,ASM,2003,3
American Samoa,ASM,2004,4
American Samoa,ASM,2005,6
American Samoa,ASM,2006,4
American Samoa,ASM,2007,1
American Samoa,ASM,2008,3
American Samoa,ASM,2009,2
American Samoa,ASM,2010,5
American Samoa,ASM,2011,5
American Samoa,ASM,2012,2
American Samoa,ASM,2013,3
American Samoa,ASM,2014,3
American Samoa,ASM,2015,4
American Samoa,ASM,2016,0
American Samoa,ASM,2017,7
American Samoa,ASM,2018,13
American Samoa,ASM,2019,0
Americas (UN),,2000,129309.29
Americas (UN),,2001,137393.27
Americas (UN),,2002,139394.7
Americas (UN),,2003,139522.22
Americas (UN),,2004,132146.98
Americas (UN),,2005,131228.11
Americas (UN),,2006,134864.1
Americas (UN),,2007,132773.62
Americas (UN),,2008,142826.12
Americas (UN),,2009,151053.3
Americas (UN),,2010,155521.98
Americas (UN),,2011,159706.7
Americas (UN),,2012,162501.39
Americas (UN),,2013,159184.47
Americas (UN),,2014,158163.86
Americas (UN),,2015,156992.16
Americas (UN),,2016,165570.89
Americas (UN),,2017,169873.8
Americas (UN),,2018,165539.23
Americas (UN),,2019,153827.78
Americas (UN),,2020,154673.66
Americas (UN),,2021,154332.78
Andorra,AND,2004,1
Andorra,AND,2007,0
Andorra,AND,2008,1
Andorra,AND,2009,0
Andorra,AND,2010,0
Andorra,AND,2011,1
Andorra,AND,2012,0
Andorra,AND,2013,0
Andorra,AND,2014,0
Andorra,AND,2015,0
Andorra,AND,2020,2
Angola,AGO,2011,1055
Angola,AGO,2012,1217
Angola,AGO,2015,1254
Angola,AGO,2016,1196
Anguilla,AIA,1990,0
Anguilla,AIA,1991,1
Anguilla,AIA,1992,0
Anguilla,AIA,1993,1
Anguilla,AIA,1994,0
Anguilla,AIA,1995,1
Anguilla,AIA,1996,0
Anguilla,AIA,1997,1
Anguilla,AIA,1998,0
Anguilla,AIA,1999,0
Anguilla,AIA,2000,1
Anguilla,AIA,2001,0
Anguilla,AIA,2002,2
Anguilla,AIA,2003,2
Anguilla,AIA,2004,1
Anguilla,AIA,2005,0
Anguilla,AIA,2006,5
Anguilla,AIA,2007,4
Anguilla,AIA,2008,1
Anguilla,AIA,2009,1
Anguilla,AIA,2010,0
Anguilla,AIA,2011,0
Anguilla,AIA,2012,5
Anguilla,AIA,2013,1
Anguilla,AIA,2014,4
Antigua and Barbuda,ATG,1990,1
Antigua and Barbuda,ATG,1991,3
Antigua and Barbuda,ATG,1992,2
Antigua and Barbuda,ATG,1993,4
Antigua and Barbuda,ATG,1994,5
Antigua and Barbuda,ATG,1995,7
Antigua and Barbuda,ATG,1996,3
Antigua and Barbuda,ATG,1997,1
Antigua and Barbuda,ATG,2000,5
Antigua and Barbuda,ATG,2001,7
Antigua and Barbuda,ATG,2002,5
Antigua and Barbuda,ATG,2003,5
Antigua and Barbuda,ATG,2004,4
Antigua and Barbuda,ATG,2005,3
Antigua and Barbuda,ATG,2006,11
Antigua and Barbuda,ATG,2007,17
Antigua and Barbuda,ATG,2008,16
Antigua and Barbuda,ATG,2009,16
Antigua and Barbuda,ATG,2010,6
Antigua and Barbuda,ATG,2012,10
Antigua and Barbuda,ATG,2017,20
Antigua and Barbuda,ATG,2018,12
Antigua and Barbuda,ATG,2019,3
Antigua and Barbuda,ATG,2020,9
Antigua and Barbuda,ATG,2021,16
Argentina,ARG,2001,3129
Argentina,ARG,2002,3570
Argentina,ARG,2003,2967
Argentina,ARG,2004,2338
Argentina,ARG,2005,2198
Argentina,ARG,2006,2111
Argentina,ARG,2007,2139
Argentina,ARG,2008,2371
Argentina,ARG,2009,2642
Argentina,ARG,2010,2384
Argentina,ARG,2011,2511
Argentina,ARG,2012,2648
Argentina,ARG,2013,3072
Argentina,ARG,2014,3228
Argentina,ARG,2015,2837
Argentina,ARG,2016,2625
Argentina,ARG,2017,2317
Argentina,ARG,2018,2384
Argentina,ARG,2019,2307
Argentina,ARG,2020,2417
Argentina,ARG,2021,2093
Armenia,ARM,1990,178
Armenia,ARM,1991,186
Armenia,ARM,1992,305
Armenia,ARM,1993,268
Armenia,ARM,1994,157
Armenia,ARM,1995,116
Armenia,ARM,1996,114
Armenia,ARM,1997,100
Armenia,ARM,1998,93
Armenia,ARM,1999,90
Armenia,ARM,2000,91
Armenia,ARM,2001,88
Armenia,ARM,2002,69
Armenia,ARM,2004,83
Armenia,ARM,2005,58
Armenia,ARM,2006,79
Armenia,ARM,2007,77
Armenia,ARM,2008,97
Armenia,ARM,2009,97
Armenia,ARM,2010,56
Armenia,ARM,2011,71
Armenia,ARM,2012,65
Armenia,ARM,2013,63
Armenia,ARM,2014,72
Armenia,ARM,2015,75
Armenia,ARM,2016,87
Armenia,ARM,2017,70
Armenia,ARM,2018,50
Armenia,ARM,2019,73
Armenia,ARM,2020,52
Armenia,ARM,2021,61
Aruba,ABW,1990,0
Aruba,ABW,1995,6
Aruba,ABW,1999,2
Aruba,ABW,2001,4
Aruba,ABW,2002,5
Aruba,ABW,2003,4
Aruba,ABW,2004,2
Aruba,ABW,2005,6
Aruba,ABW,2006,5
Aruba,ABW,2007,3
Aruba,ABW,2008,5
Aruba,ABW,2009,4
Aruba,ABW,2010,4
Aruba,ABW,2011,2
Aruba,ABW,2012,4
Aruba,ABW,2013,6
Aruba,ABW,2014,2
Asia (UN),,2000,125862.484
Asia (UN),,2001,124419.125
Asia (UN),,2002,122693.336
Asia (UN),,2003,120814.19
Asia (UN),,2004,122182.43
Asia (UN),,2005,118049.08
Asia (UN),,2006,115847.53
Asia (UN),,2007,114526.72
Asia (UN),,2008,114446.51
Asia (UN),,2009,114411.766
Asia (UN),,2010,113052.13
Asia (UN),,2011,116182.766
Asia (UN),,2012,116724.57
Asia (UN),,2013,115137.516
Asia (UN),,2014,115144.664
Asia (UN),,2015,106855.61
Asia (UN),,2016,104228.91
Asia (UN),,2017,99504.08
Asia (UN),,2018,96474.69
Asia (UN),,2019,94277.76
Asia (UN),,2020,94069.27
Asia (UN),,2021,109221.04
Australia,AUS,1990,374
Australia,AUS,1991,340
Australia,AUS,1992,301
Australia,AUS,1993,333
Australia,AUS,1994,320
Australia,AUS,1995,356
Australia,AUS,1996,354
Australia,AUS,1997,364
Australia,AUS,1998,334
Australia,AUS,1999,385
Australia,AUS,2000,362
Australia,AUS,2001,347
Australia,AUS,2002,366
Australia,AUS,2003,302
Australia,AUS,2004,263
Australia,AUS,2005,259
Australia,AUS,2006,281
Australia,AUS,2007,255
Australia,AUS,2008,261
Australia,AUS,2009,263
Australia,AUS,2010,231
Australia,AUS,2011,248
Australia,AUS,2012,243
Australia,AUS,2013,245
Australia,AUS,2014,243
Australia,AUS,2015,236
Australia,AUS,2016,227
Australia,AUS,2017,208
Australia,AUS,2018,221
Australia,AUS,2019,225
Australia,AUS,2020,221
Australia,AUS,2021,193
Austria,AUT,1990,89
Austria,AUT,1991,103
Austria,AUT,1992,97
Austria,AUT,1993,80
Austria,AUT,1994,88
Austria,AUT,1995,78
Austria,AUT,1996,99
Austria,AUT,1997,66
Austria,AUT,1998,77
Austria,AUT,1999,60
Austria,AUT,2000,82
Austria,AUT,2001,70
Austria,AUT,2002,65
Austria,AUT,2003,50
Austria,AUT,2004,59
Austria,AUT,2005,54
Austria,AUT,2006,61
Austria,AUT,2007,45
Austria,AUT,2008,58
Austria,AUT,2009,51
Austria,AUT,2010,61
Austria,AUT,2011,77
Austria,AUT,2012,81
Austria,AUT,2013,61
Austria,AUT,2014,42
Austria,AUT,2015,44
Austria,AUT,2016,54
Austria,AUT,2017,70
Austria,AUT,2018,86
Austria,AUT,2019,77
Austria,AUT,2020,65
Austria,AUT,2021,65
Azerbaijan,AZE,1990,329
Azerbaijan,AZE,1991,357
Azerbaijan,AZE,1992,564
Azerbaijan,AZE,1993,478
Azerbaijan,AZE,1994,499
Azerbaijan,AZE,1995,443
Azerbaijan,AZE,1996,400
Azerbaijan,AZE,1997,284
Azerbaijan,AZE,1998,280
Azerbaijan,AZE,1999,242
Azerbaijan,AZE,2000,226
Azerbaijan,AZE,2001,218
Azerbaijan,AZE,2002,212
Azerbaijan,AZE,2007,189
Azerbaijan,AZE,2008,192
Azerbaijan,AZE,2010,206
Azerbaijan,AZE,2011,211
Azerbaijan,AZE,2012,202
Azerbaijan,AZE,2013,221
Azerbaijan,AZE,2014,236
Azerbaijan,AZE,2015,211
Azerbaijan,AZE,2016,169
Azerbaijan,AZE,2017,182
Azerbaijan,AZE,2018,197
Azerbaijan,AZE,2019,168
Azerbaijan,AZE,2020,230
Azerbaijan,AZE,2021,197
Bahamas,BHS,1990,45
Bahamas,BHS,1991,28
Bahamas,BHS,1992,41
Bahamas,BHS,1993,35
Bahamas,BHS,1994,52
Bahamas,BHS,1995,40
Bahamas,BHS,1996,51
Bahamas,BHS,1997,46
Bahamas,BHS,2000,74
Bahamas,BHS,2001,43
Bahamas,BHS,2002,52
Bahamas,BHS,2003,50
Bahamas,BHS,2004,44
Bahamas,BHS,2005,52
Bahamas,BHS,2006,61
Bahamas,BHS,2007,78
Bahamas,BHS,2008,73
Bahamas,BHS,2009,87
Bahamas,BHS,2010,94
Bahamas,BHS,2011,127
Bahamas,BHS,2012,110
Bahamas,BHS,2013,119
Bahamas,BHS,2014,122
Bahamas,BHS,2015,146
Bahamas,BHS,2016,111
Bahamas,BHS,2017,122
Bahamas,BHS,2018,91
Bahamas,BHS,2019,95
Bahamas,BHS,2020,73
Bahamas,BHS,2021,119
Bahrain,BHR,1995,5
Bahrain,BHR,1996,8
Bahrain,BHR,1997,6
Bahrain,BHR,2001,9
Bahrain,BHR,2002,8
Bahrain,BHR,2007,4
Bahrain,BHR,2008,6
Bahrain,BHR,2009,13
Bahrain,BHR,2010,2
Bahrain,BHR,2011,12
Bahrain,BHR,2012,9
Bahrain,BHR,2013,11
Bahrain,BHR,2014,9
Bahrain,BHR,2015,3
Bahrain,BHR,2016,4
Bahrain,BHR,2017,6
Bahrain,BHR,2018,5
Bahrain,BHR,2019,4
Bahrain,BHR,2020,0
Bahrain,BHR,2021,1
Bangladesh,BGD,2000,3343
Bangladesh,BGD,2001,3678
Bangladesh,BGD,2002,3503
Bangladesh,BGD,2003,3471
Bangladesh,BGD,2004,3902
Bangladesh,BGD,2005,3592
Bangladesh,BGD,2006,4166
Bangladesh,BGD,2007,3863
Bangladesh,BGD,2008,4099
Bangladesh,BGD,2009,4219
Bangladesh,BGD,2010,3988
Bangladesh,BGD,2011,3966
Bangladesh,BGD,2012,4114
Bangladesh,BGD,2013,4393
Bangladesh,BGD,2014,4514
Bangladesh,BGD,2015,4035
Bangladesh,BGD,2016,3591
Bangladesh,BGD,2017,3549
Bangladesh,BGD,2018,3830
Barbados,BRB,1990,34
Barbados,BRB,1991,21
Barbados,BRB,1992,22
Barbados,BRB,1993,21
Barbados,BRB,1994,20
Barbados,BRB,1995,17
Barbados,BRB,1998,20
Barbados,BRB,1999,23
Barbados,BRB,2000,20
Barbados,BRB,2001,25
Barbados,BRB,2002,25
Barbados,BRB,2003,33
Barbados,BRB,2004,22
Barbados,BRB,2005,29
Barbados,BRB,2006,35
Barbados,BRB,2007,25
Barbados,BRB,2008,23
Barbados,BRB,2009,19
Barbados,BRB,2010,31
Barbados,BRB,2011,27
Barbados,BRB,2012,22
Barbados,BRB,2013,24
Barbados,BRB,2014,25
Barbados,BRB,2015,31
Barbados,BRB,2016,22
Barbados,BRB,2017,30
Barbados,BRB,2018,28
Barbados,BRB,2019,48
Barbados,BRB,2020,41
Barbados,BRB,2021,32
Belarus,BLR,1990,508
Belarus,BLR,1991,465
Belarus,BLR,1992,594
Belarus,BLR,1993,756
Belarus,BLR,1994,829
Belarus,BLR,1995,960
Belarus,BLR,1996,970
Belarus,BLR,1997,1021
Belarus,BLR,1998,1036
Belarus,BLR,1999,974
Belarus,BLR,2000,1013
Belarus,BLR,2001,969
Belarus,BLR,2002,989
Belarus,BLR,2007,649
Belarus,BLR,2008,552
Belarus,BLR,2009,487
Belarus,BLR,2010,401
Belarus,BLR,2011,373
Belarus,BLR,2012,340
Belarus,BLR,2013,333
Belarus,BLR,2014,340
Belarus,BLR,2015,326
Belarus,BLR,2016,307
Belarus,BLR,2017,240
Belarus,BLR,2018,226
Belarus,BLR,2019,225
Belgium,BEL,1990,103.672134
Belgium,BEL,1991,102.23224
Belgium,BEL,1992,120.95082
Belgium,BEL,1993,144.70901
Belgium,BEL,1994,120
Belgium,BEL,1995,142
Belgium,BEL,1996,120
Belgium,BEL,1997,145
Belgium,BEL,2000,212
Belgium,BEL,2001,282
Belgium,BEL,2002,319
Belgium,BEL,2021,125
Belize,BLZ,2000,41
Belize,BLZ,2001,64
Belize,BLZ,2002,87
Belize,BLZ,2003,67
Belize,BLZ,2004,79
Belize,BLZ,2005,81
Belize,BLZ,2006,92
Belize,BLZ,2007,97
Belize,BLZ,2008,103
Belize,BLZ,2009,97
Belize,BLZ,2010,129
Belize,BLZ,2011,124
Belize,BLZ,2012,145
Belize,BLZ,2013,99
Belize,BLZ,2014,123
Belize,BLZ,2015,119
Belize,BLZ,2016,138
Belize,BLZ,2017,142
Belize,BLZ,2018,143
Belize,BLZ,2019,134
Belize,BLZ,2020,102
Belize,BLZ,2021,125
Bermuda,BMU,1990,1
Bermuda,BMU,1991,3
Bermuda,BMU,1992,1
Bermuda,BMU,1993,3
Bermuda,BMU,1994,6
Bermuda,BMU,1996,4
Bermuda,BMU,1997,2
Bermuda,BMU,1998,0
Bermuda,BMU,1999,2
Bermuda,BMU,2000,0
Bermuda,BMU,2001,3
Bermuda,BMU,2002,1
Bermuda,BMU,2003,2
Bermuda,BMU,2004,1
Bermuda,BMU,2005,2
Bermuda,BMU,2006,3
Bermuda,BMU,2007,3
Bermuda,BMU,2008,5
Bermuda,BMU,2009,6
Bermuda,BMU,2010,7
Bermuda,BMU,2011,8
Bermuda,BMU,2012,6
Bermuda,BMU,2013,5
Bermuda,BMU,2014,4
Bermuda,BMU,2015,4
Bermuda,BMU,2016,8
Bermuda,BMU,2017,5
Bermuda,BMU,2019,0
Bermuda,BMU,2020,7
Bermuda,BMU,2021,7
Bhutan,BTN,1990,20
Bhutan,BTN,1991,12
Bhutan,BTN,1992,27
Bhutan,BTN,1993,19
Bhutan,BTN,1994,20
Bhutan,BTN,1995,16
Bhutan,BTN,1996,12
Bhutan,BTN,1997,7
Bhutan,BTN,1998,11
Bhutan,BTN,1999,13
Bhutan,BTN,2000,18
Bhutan,BTN,2001,19
Bhutan,BTN,2002,19
Bhutan,BTN,2003,5
Bhutan,BTN,2004,15
Bhutan,BTN,2005,11
Bhutan,BTN,2006,9
Bhutan,BTN,2007,14
Bhutan,BTN,2008,18
Bhutan,BTN,2009,16
Bhutan,BTN,2010,16
Bhutan,BTN,2011,32
Bhutan,BTN,2012,33
Bhutan,BTN,2013,24
Bhutan,BTN,2015,12
Bhutan,BTN,2016,9
Bhutan,BTN,2017,13
Bhutan,BTN,2018,9
Bhutan,BTN,2019,8
Bhutan,BTN,2020,19
Bolivia,BOL,2015,543
Bolivia,BOL,2016,642
Bolivia,BOL,2017,747
Bolivia,BOL,2018,574
Bolivia,BOL,2019,497
Bolivia,BOL,2020,417
Bolivia,BOL,2021,422
Bosnia and Herzegovina,BIH,1990,73
Bosnia and Herzegovina,BIH,2000,99
Bosnia and Herzegovina,BIH,2001,82
Bosnia and Herzegovina,BIH,2002,90
Bosnia and Herzegovina,BIH,2004,68
Bosnia and Herzegovina,BIH,2007,66
Bosnia and Herzegovina,BIH,2008,66
Bosnia and Herzegovina,BIH,2009,71
Bosnia and Herzegovina,BIH,2010,56
Bosnia and Herzegovina,BIH,2011,51
Bosnia and Herzegovina,BIH,2012,63
Bosnia and Herzegovina,BIH,2013,46
Bosnia and Herzegovina,BIH,2014,50
Bosnia and Herzegovina,BIH,2015,57
Bosnia and Herzegovina,BIH,2016,45
Bosnia and Herzegovina,BIH,2017,42
Bosnia and Herzegovina,BIH,2018,39
Bosnia and Herzegovina,BIH,2019,42
Bosnia and Herzegovina,BIH,2020,43
Bosnia and Herzegovina,BIH,2021,32
Botswana,BWA,2001,213
Botswana,BWA,2002,255
Botswana,BWA,2003,312
Botswana,BWA,2004,259
Botswana,BWA,2005,291
Botswana,BWA,2006,261
Botswana,BWA,2007,280
Botswana,BWA,2008,281
Botswana,BWA,2009,289
Botswana,BWA,2010,303
Botswana,BWA,2020,221
Botswana,BWA,2021,273
Brazil,BRA,1990,29301.19
Brazil,BRA,1991,28148.473
Brazil,BRA,1992,25966.84
Brazil,BRA,1993,28012.752
Brazil,BRA,1994,29851.412
Brazil,BRA,1995,34000.09
Brazil,BRA,1996,38894
Brazil,BRA,1997,40507
Brazil,BRA,1998,41950
Brazil,BRA,1999,42914
Brazil,BRA,2000,45375
Brazil,BRA,2001,47955
Brazil,BRA,2002,49710
Brazil,BRA,2003,51064
Brazil,BRA,2004,48394
Brazil,BRA,2005,47593
Brazil,BRA,2006,49165
Brazil,BRA,2007,47731
Brazil,BRA,2008,50135
Brazil,BRA,2009,51461
Brazil,BRA,2010,52289
Brazil,BRA,2011,52233
Brazil,BRA,2012,56388
Brazil,BRA,2013,56845
Brazil,BRA,2014,59733
Brazil,BRA,2015,58184
Brazil,BRA,2016,61208
Brazil,BRA,2017,63788
Brazil,BRA,2018,55980
Brazil,BRA,2019,44073
Brazil,BRA,2020,47722
British Virgin Islands,VGB,1990,1
British Virgin Islands,VGB,1991,0
British Virgin Islands,VGB,1992,0
British Virgin Islands,VGB,1993,0
British Virgin Islands,VGB,1994,0
British Virgin Islands,VGB,1995,2
British Virgin Islands,VGB,1996,2
British Virgin Islands,VGB,1999,1
British Virgin Islands,VGB,2001,1
British Virgin Islands,VGB,2002,1
British Virgin Islands,VGB,2003,2
British Virgin Islands,VGB,2004,4
British Virgin Islands,VGB,2006,2
Brunei,BRN,1996,9
Brunei,BRN,1997,8
Brunei,BRN,1998,4
Brunei,BRN,1999,4
Brunei,BRN,2000,4
Brunei,BRN,2003,3
Brunei,BRN,2004,2
Brunei,BRN,2005,2
Brunei,BRN,2006,3
Brunei,BRN,2007,3
Brunei,BRN,2008,1
Brunei,BRN,2009,3
Brunei,BRN,2010,1
Brunei,BRN,2011,1
Brunei,BRN,2012,4
Brunei,BRN,2013,2
Bulgaria,BGR,1990,227
Bulgaria,BGR,1991,375
Bulgaria,BGR,1992,462
Bulgaria,BGR,1993,490
Bulgaria,BGR,1994,492
Bulgaria,BGR,1995,494
Bulgaria,BGR,1996,438
Bulgaria,BGR,1997,398
Bulgaria,BGR,1998,381
Bulgaria,BGR,1999,327
Bulgaria,BGR,2000,332
Bulgaria,BGR,2001,308
Bulgaria,BGR,2002,255
Bulgaria,BGR,2003,247
Bulgaria,BGR,2004,244
Bulgaria,BGR,2005,199
Bulgaria,BGR,2006,186
Bulgaria,BGR,2007,177
Bulgaria,BGR,2008,172
Bulgaria,BGR,2009,150
Bulgaria,BGR,2010,148
Bulgaria,BGR,2011,128
Bulgaria,BGR,2012,141
Bulgaria,BGR,2013,109
Bulgaria,BGR,2014,112
Bulgaria,BGR,2015,126
Bulgaria,BGR,2016,79
Bulgaria,BGR,2017,103
Bulgaria,BGR,2018,92
Bulgaria,BGR,2019,83
Bulgaria,BGR,2020,69
Bulgaria,BGR,2021,88
Burundi,BDI,2012,500
Burundi,BDI,2013,520
Burundi,BDI,2014,564
Burundi,BDI,2015,461
Burundi,BDI,2016,635
Cambodia,KHM,1992,429
Cambodia,KHM,1993,599
Cambodia,KHM,1994,303
Cambodia,KHM,1995,397
Cambodia,KHM,1996,542
Cambodia,KHM,1997,317
Cambodia,KHM,1998,793
Cambodia,KHM,1999,581
Cambodia,KHM,2000,571
Cambodia,KHM,2001,407
Cambodia,KHM,2002,425
Cambodia,KHM,2003,509
Cambodia,KHM,2004,511
Cambodia,KHM,2005,448
Cambodia,KHM,2006,400
Cambodia,KHM,2007,393
Cambodia,KHM,2008,333
Cambodia,KHM,2009,331
Cambodia,KHM,2010,331
Cambodia,KHM,2011,268
Cameroon,CMR,2000,459
Cameroon,CMR,2001,755
Cameroon,CMR,2002,1031
Cameroon,CMR,2003,1002
Cameroon,CMR,2008,776
Cameroon,CMR,2009,1277
Cameroon,CMR,2010,999
Cameroon,CMR,2011,835
Cameroon,CMR,2012,880
Cameroon,CMR,2015,861
Cameroon,CMR,2016,787
Cameroon,CMR,2017,1004
Cameroon,CMR,2020,1202
Canada,CAN,1990,657
Canada,CAN,1991,754
Canada,CAN,1992,733
Canada,CAN,1993,626
Canada,CAN,1994,596
Canada,CAN,1995,587
Canada,CAN,1996,634
Canada,CAN,1997,586
Canada,CAN,1998,559
Canada,CAN,1999,539
Canada,CAN,2000,546
Canada,CAN,2001,554
Canada,CAN,2002,582
Canada,CAN,2003,549
Canada,CAN,2004,625
Canada,CAN,2005,664
Canada,CAN,2006,608
Canada,CAN,2007,597
Canada,CAN,2008,614
Canada,CAN,2009,610
Canada,CAN,2010,557
Canada,CAN,2011,609
Canada,CAN,2012,549
Canada,CAN,2013,509
Canada,CAN,2014,525
Canada,CAN,2015,611
Canada,CAN,2016,616
Canada,CAN,2017,665
Canada,CAN,2018,662
Canada,CAN,2019,689
Canada,CAN,2020,759
Canada,CAN,2021,788
Cape Verde,CPV,2003,15
Cape Verde,CPV,2004,21
Cape Verde,CPV,2005,44
Cape Verde,CPV,2006,35
Cape Verde,CPV,2013,54
Cape Verde,CPV,2014,65
Cape Verde,CPV,2015,46
Cape Verde,CPV,2016,62
Cape Verde,CPV,2017,38
Cape Verde,CPV,2018,31
Cape Verde,CPV,2019,33
Cape Verde,CPV,2020,36
Cayman Islands,CYM,1990,2
Cayman Islands,CYM,1991,2
Cayman Islands,CYM,1992,1
Cayman Islands,CYM,1993,2
Cayman Islands,CYM,1994,2
Cayman Islands,CYM,1995,2
Cayman Islands,CYM,1996,1
Cayman Islands,CYM,1997,2
Cayman Islands,CYM,1998,1
Cayman Islands,CYM,1999,0
Cayman Islands,CYM,2000,4
Cayman Islands,CYM,2001,2
Cayman Islands,CYM,2002,0
Cayman Islands,CYM,2003,3
Cayman Islands,CYM,2004,5
Cayman Islands,CYM,2005,3
Cayman Islands,CYM,2006,1
Cayman Islands,CYM,2007,2
Cayman Islands,CYM,2008,4
Cayman Islands,CYM,2009,8
Cayman Islands,CYM,2010,9
Cayman Islands,CYM,2013,5
Cayman Islands,CYM,2014,5
Cayman Islands,CYM,2017,3
Cayman Islands,CYM,2018,7
Cayman Islands,CYM,2019,2
Cayman Islands,CYM,2020,3
Chile,CHL,2003,513
Chile,CHL,2005,576
Chile,CHL,2006,590
Chile,CHL,2007,616
Chile,CHL,2008,588
Chile,CHL,2009,630
Chile,CHL,2010,541
Chile,CHL,2011,636
Chile,CHL,2012,434
Chile,CHL,2013,556
Chile,CHL,2014,438
Chile,CHL,2015,419
Chile,CHL,2016,620
Chile,CHL,2017,779
Chile,CHL,2018,825
Chile,CHL,2019,751
Chile,CHL,2020,926
Chile,CHL,2021,708
China,CHN,1995,27356
China,CHN,1996,25411
China,CHN,1997,26070
China,CHN,2002,26276
China,CHN,2003,24393
China,CHN,2004,24711
China,CHN,2005,20770
China,CHN,2006,17973
China,CHN,2007,16119
China,CHN,2008,14811
China,CHN,2009,14667
China,CHN,2010,13410
China,CHN,2011,12015
China,CHN,2012,11286
China,CHN,2013,10640
China,CHN,2014,10083
China,CHN,2015,9200
China,CHN,2016,8634
China,CHN,2017,7990
China,CHN,2018,7525
China,CHN,2019,7379
China,CHN,2020,7157
Colombia,COL,1990,24330
Colombia,COL,1991,28424
Colombia,COL,1992,28184
Colombia,COL,1993,28441
Colombia,COL,1994,27079
Colombia,COL,1995,22321
Colombia,COL,1996,23350
Colombia,COL,1997,23200
Colombia,COL,1998,23089
Colombia,COL,1999,24355
Colombia,COL,2000,26539
Colombia,COL,2001,27840
Colombia,COL,2002,28387
Colombia,COL,2003,23523
Colombia,COL,2004,20210
Colombia,COL,2005,18111
Colombia,COL,2006,17479
Colombia,COL,2007,17198
Colombia,COL,2008,16140
Colombia,COL,2009,15817
Colombia,COL,2010,15459
Colombia,COL,2011,16127
Colombia,COL,2012,16440
Colombia,COL,2013,15422
Colombia,COL,2014,13343
Colombia,COL,2015,12783
Colombia,COL,2016,12402
Colombia,COL,2017,12298
Colombia,COL,2018,12926
Colombia,COL,2019,12925
Colombia,COL,2020,12347
Colombia,COL,2021,14159
Cook Islands,COK,2012,0.6280951
Costa Rica,CRI,1990,139
Costa Rica,CRI,1991,132
Costa Rica,CRI,1992,160
Costa Rica,CRI,1993,160
Costa Rica,CRI,1994,182
Costa Rica,CRI,1995,184
Costa Rica,CRI,1996,189
Costa Rica,CRI,1997,210
Costa Rica,CRI,1998,224
Costa Rica,CRI,1999,245
Costa Rica,CRI,2000,249
Costa Rica,CRI,2001,257
Costa Rica,CRI,2002,258
Costa Rica,CRI,2003,300
Costa Rica,CRI,2004,280
Costa Rica,CRI,2005,335
Costa Rica,CRI,2006,351
Costa Rica,CRI,2007,369
Costa Rica,CRI,2008,512
Costa Rica,CRI,2009,525
Costa Rica,CRI,2010,527
Costa Rica,CRI,2011,474
Costa Rica,CRI,2012,407
Costa Rica,CRI,2013,411
Costa Rica,CRI,2014,477
Costa Rica,CRI,2015,557
Costa Rica,CRI,2016,578
Costa Rica,CRI,2017,603
Costa Rica,CRI,2018,585
Costa Rica,CRI,2019,563
Costa Rica,CRI,2020,570
Costa Rica,CRI,2021,588
Croatia,HRV,1990,137
Croatia,HRV,1991,437
Croatia,HRV,1992,387
Croatia,HRV,1993,218
Croatia,HRV,1994,143
Croatia,HRV,1995,166
Croatia,HRV,1996,122
Croatia,HRV,1997,118
Croatia,HRV,1998,105
Croatia,HRV,1999,111
Croatia,HRV,2000,101
Croatia,HRV,2001,81
Croatia,HRV,2002,73
Croatia,HRV,2003,69
Croatia,HRV,2004,83
Croatia,HRV,2005,68
Croatia,HRV,2006,74
Croatia,HRV,2007,62
Croatia,HRV,2008,71
Croatia,HRV,2009,49
Croatia,HRV,2010,62
Croatia,HRV,2011,49
Croatia,HRV,2012,51
Croatia,HRV,2013,46
Croatia,HRV,2014,36
Croatia,HRV,2015,37
Croatia,HRV,2016,44
Croatia,HRV,2017,46
Croatia,HRV,2018,24
Croatia,HRV,2019,33
Croatia,HRV,2020,40
Croatia,HRV,2021,33
Cuba,CUB,1992,673
Cuba,CUB,1993,802
Cuba,CUB,1994,901
Cuba,CUB,1995,852
Cuba,CUB,1996,732
Cuba,CUB,1997,747
Cuba,CUB,1998,818
Cuba,CUB,1999,609
Cuba,CUB,2000,587
Cuba,CUB,2001,605
Cuba,CUB,2002,661
Cuba,CUB,2003,642
Cuba,CUB,2004,660
Cuba,CUB,2005,684
Cuba,CUB,2006,576
Cuba,CUB,2007,568
Cuba,CUB,2008,515
Cuba,CUB,2009,565
Cuba,CUB,2010,505
Cuba,CUB,2011,534
Cuba,CUB,2012,621
Cuba,CUB,2013,674
Cuba,CUB,2014,600
Cuba,CUB,2015,619
Cuba,CUB,2016,572
Cuba,CUB,2017,516
Cuba,CUB,2018,491
Cuba,CUB,2019,500
Curacao,CUW,2001,10
Curacao,CUW,2002,39
Curacao,CUW,2003,43
Curacao,CUW,2004,41
Curacao,CUW,2005,26
Curacao,CUW,2006,18
Curacao,CUW,2007,26
Cyprus,CYP,1990,5
Cyprus,CYP,1991,1
Cyprus,CYP,1992,2
Cyprus,CYP,1993,5
Cyprus,CYP,1994,7
Cyprus,CYP,1995,9
Cyprus,CYP,1996,10
Cyprus,CYP,1997,6
Cyprus,CYP,1998,7
Cyprus,CYP,1999,10
Cyprus,CYP,2000,8
Cyprus,CYP,2001,7
Cyprus,CYP,2002,2
Cyprus,CYP,2004,16
Cyprus,CYP,2005,20
Cyprus,CYP,2006,15
Cyprus,CYP,2007,13
Cyprus,CYP,2008,9
Cyprus,CYP,2009,19
Cyprus,CYP,2010,8
Cyprus,CYP,2011,9
Cyprus,CYP,2012,22
Cyprus,CYP,2013,12
Cyprus,CYP,2014,11
Cyprus,CYP,2015,15
Cyprus,CYP,2016,13
Cyprus,CYP,2017,7
Cyprus,CYP,2018,15
Cyprus,CYP,2019,15
Cyprus,CYP,2020,15
Cyprus,CYP,2021,16
Czechia,CZE,1994,207
Czechia,CZE,1995,176
Czechia,CZE,1996,173
Czechia,CZE,1997,187
Czechia,CZE,1998,174
Czechia,CZE,1999,172
Czechia,CZE,2000,191
Czechia,CZE,2001,135
Czechia,CZE,2002,139
Czechia,CZE,2003,163
Czechia,CZE,2004,134
Czechia,CZE,2005,108
Czechia,CZE,2006,130
Czechia,CZE,2007,126
Czechia,CZE,2008,114
Czechia,CZE,2009,94
Czechia,CZE,2010,103
Czechia,CZE,2011,86
Czechia,CZE,2012,105
Czechia,CZE,2013,90
Czechia,CZE,2014,81
Czechia,CZE,2015,88
Czechia,CZE,2016,65
Czechia,CZE,2017,66
Czechia,CZE,2019,97
Czechia,CZE,2020,77
Czechia,CZE,2021,47
Denmark,DNK,1990,41
Denmark,DNK,1991,68
Denmark,DNK,1992,62
Denmark,DNK,1993,71
Denmark,DNK,1994,75
Denmark,DNK,1995,59
Denmark,DNK,1996,68
Denmark,DNK,1997,88
Denmark,DNK,1998,49
Denmark,DNK,1999,52
Denmark,DNK,2000,58
Denmark,DNK,2001,52
Denmark,DNK,2002,48
Denmark,DNK,2010,42
Denmark,DNK,2011,46
Denmark,DNK,2012,47
Denmark,DNK,2013,48
Denmark,DNK,2014,74
Denmark,DNK,2015,62
Denmark,DNK,2016,56
Denmark,DNK,2017,71
Denmark,DNK,2018,58
Denmark,DNK,2019,66
Denmark,DNK,2020,55
Denmark,DNK,2021,47
Dominica,DMA,1998,9
Dominica,DMA,1999,7
Dominica,DMA,2000,2
Dominica,DMA,2001,1
Dominica,DMA,2002,9
Dominica,DMA,2003,8
Dominica,DMA,2004,8
Dominica,DMA,2005,8
Dominica,DMA,2006,5
Dominica,DMA,2007,7
Dominica,DMA,2008,7
Dominica,DMA,2009,13
Dominica,DMA,2010,15
Dominica,DMA,2011,6
Dominica,DMA,2014,9
Dominica,DMA,2015,9
Dominica,DMA,2016,16
Dominica,DMA,2017,19
Dominica,DMA,2018,13
Dominica,DMA,2019,13
Dominica,DMA,2020,15
Dominica,DMA,2021,10
Dominican Republic,DOM,1991,908
Dominican Republic,DOM,1992,807
Dominican Republic,DOM,1993,930
Dominican Republic,DOM,1994,1005
Dominican Republic,DOM,1995,1007
Dominican Republic,DOM,1996,1032
Dominican Republic,DOM,1997,1038
Dominican Republic,DOM,1998,1121
Dominican Republic,DOM,1999,1066
Dominican Republic,DOM,2000,1210
Dominican Republic,DOM,2001,1095
Dominican Republic,DOM,2002,1279
Dominican Republic,DOM,2003,1902
Dominican Republic,DOM,2004,2239
Dominican Republic,DOM,2005,2394
Dominican Republic,DOM,2006,2144
Dominican Republic,DOM,2007,2111
Dominican Republic,DOM,2008,2394
Dominican Republic,DOM,2009,2375
Dominican Republic,DOM,2010,2474
Dominican Republic,DOM,2011,2513
Dominican Republic,DOM,2012,2268
Dominican Republic,DOM,2013,1978
Dominican Republic,DOM,2014,1810
Dominican Republic,DOM,2016,1616
Dominican Republic,DOM,2017,1216
Dominican Republic,DOM,2018,1068
Dominican Republic,DOM,2019,1026
Dominican Republic,DOM,2020,961
Dominican Republic,DOM,2021,1172
East Timor,TLS,2004,23
East Timor,TLS,2005,46
East Timor,TLS,2006,49
East Timor,TLS,2007,62
East Timor,TLS,2008,35
East Timor,TLS,2009,32
East Timor,TLS,2010,39
East Timor,TLS,2015,49
Ecuador,ECU,1990,892
Ecuador,ECU,1991,1153
Ecuador,ECU,1992,935
Ecuador,ECU,1993,926
Ecuador,ECU,1994,1139
Ecuador,ECU,1995,1372.1305
Ecuador,ECU,1996,1462.6499
Ecuador,ECU,1997,1316.5642
Ecuador,ECU,1998,1642.7925
Ecuador,ECU,1999,1682
Ecuador,ECU,2000,1833
Ecuador,ECU,2001,1658
Ecuador,ECU,2002,1906
Ecuador,ECU,2007,2273
Ecuador,ECU,2008,2607
Ecuador,ECU,2009,2625
Ecuador,ECU,2010,2624
Ecuador,ECU,2011,2343
Ecuador,ECU,2012,1922
Ecuador,ECU,2013,1725
Ecuador,ECU,2014,1310
Ecuador,ECU,2015,1050
Ecuador,ECU,2016,959
Ecuador,ECU,2017,970
Ecuador,ECU,2018,994
Ecuador,ECU,2019,1187
Ecuador,ECU,2020,1372
Ecuador,ECU,2021,2496
Egypt,EGY,1990,269
Egypt,EGY,1991,288
Egypt,EGY,1992,276
Egypt,EGY,1993,244
Egypt,EGY,1994,231
Egypt,EGY,2003,471
Egypt,EGY,2004,322
Egypt,EGY,2005,522
Egypt,EGY,2006,549
Egypt,EGY,2007,680
Egypt,EGY,2008,967
Egypt,EGY,2009,912
Egypt,EGY,2010,1839
Egypt,EGY,2011,2703
Egypt,EGY,2012,2207
Egypt,EGY,2014,2890
Egypt,EGY,2015,1711
Egypt,EGY,2016,1532
Egypt,EGY,2017,1360
El Salvador,SLV,1994,7673
El Salvador,SLV,1995,7977
El Salvador,SLV,1996,6792
El Salvador,SLV,1997,6573
El Salvador,SLV,1998,5584
El Salvador,SLV,1999,3845
El Salvador,SLV,2000,3551
El Salvador,SLV,2001,3590
El Salvador,SLV,2002,2835
El Salvador,SLV,2003,3356
El Salvador,SLV,2004,3897
El Salvador,SLV,2005,3882
El Salvador,SLV,2006,3927
El Salvador,SLV,2007,3497
El Salvador,SLV,2008,3179
El Salvador,SLV,2009,4382
El Salvador,SLV,2010,3987
El Salvador,SLV,2011,4371
El Salvador,SLV,2012,2594
El Salvador,SLV,2013,2513
El Salvador,SLV,2014,3921
El Salvador,SLV,2015,6656
El Salvador,SLV,2016,5276
El Salvador,SLV,2017,3962
El Salvador,SLV,2018,3346
El Salvador,SLV,2019,2398
El Salvador,SLV,2020,1341
El Salvador,SLV,2021,1147
Eritrea,ERI,2012,474
Estonia,EST,1990,118
Estonia,EST,1991,119
Estonia,EST,1992,217
Estonia,EST,1993,282
Estonia,EST,1994,302
Estonia,EST,1995,246
Estonia,EST,1996,214
Estonia,EST,1997,178
Estonia,EST,1998,196
Estonia,EST,1999,157
Estonia,EST,2000,143
Estonia,EST,2001,137
Estonia,EST,2002,142
Estonia,EST,2007,96
Estonia,EST,2008,86
Estonia,EST,2009,70
Estonia,EST,2010,70
Estonia,EST,2011,65
Estonia,EST,2012,63
Estonia,EST,2013,52
Estonia,EST,2014,41
Estonia,EST,2015,45
Estonia,EST,2016,33
Estonia,EST,2017,29
Estonia,EST,2018,28
Estonia,EST,2019,26
Estonia,EST,2020,42
Estonia,EST,2021,26
Eswatini,SWZ,1990,163
Eswatini,SWZ,1991,170
Eswatini,SWZ,1992,174
Eswatini,SWZ,1993,174
Eswatini,SWZ,1994,152
Eswatini,SWZ,1998,165
Eswatini,SWZ,1999,114
Eswatini,SWZ,2000,128
Eswatini,SWZ,2001,184
Eswatini,SWZ,2002,134
Eswatini,SWZ,2003,135
Eswatini,SWZ,2004,146
Eswatini,SWZ,2005,139
Eswatini,SWZ,2006,127
Eswatini,SWZ,2007,121
Eswatini,SWZ,2008,217
Eswatini,SWZ,2009,187
Eswatini,SWZ,2010,208
Eswatini,SWZ,2011,172
Eswatini,SWZ,2012,104
Eswatini,SWZ,2013,102
Eswatini,SWZ,2014,118
Eswatini,SWZ,2015,112
Eswatini,SWZ,2016,116
Eswatini,SWZ,2017,130
Eswatini,SWZ,2021,151
Ethiopia,ETH,2012,8153
Europe (UN),,2000,56495.34
Europe (UN),,2001,58662.887
Europe (UN),,2002,59282.805
Europe (UN),,2003,55778.406
Europe (UN),,2004,52251.035
Europe (UN),,2005,47558.305
Europe (UN),,2006,40078.418
Europe (UN),,2007,36174.85
Europe (UN),,2008,28298.129
Europe (UN),,2009,26951.041
Europe (UN),,2010,25660.123
Europe (UN),,2011,25099.045
Europe (UN),,2012,24991.02
Europe (UN),,2013,24706.932
Europe (UN),,2014,25334.215
Europe (UN),,2015,25662.701
Europe (UN),,2016,24792.459
Europe (UN),,2017,21863.088
Europe (UN),,2018,19539.379
Europe (UN),,2019,18340.006
Europe (UN),,2020,17684.45
Europe (UN),,2021,16719.234
Fiji,FJI,1990,32
Fiji,FJI,1991,17
Fiji,FJI,1992,26
Fiji,FJI,1993,15
Fiji,FJI,1994,35
Fiji,FJI,1995,24
Fiji,FJI,1996,13
Fiji,FJI,1997,13
Fiji,FJI,2003,25
Fiji,FJI,2004,23
Fiji,FJI,2005,23
Fiji,FJI,2006,22
Fiji,FJI,2007,21
Fiji,FJI,2008,17
Fiji,FJI,2009,29
Fiji,FJI,2010,20
Fiji,FJI,2011,20
Fiji,FJI,2012,20
Fiji,FJI,2013,19
Fiji,FJI,2014,20
Fiji,FJI,2020,20
Finland,FIN,1990,152
Finland,FIN,1991,154
Finland,FIN,1992,156
Finland,FIN,1993,130
Finland,FIN,1994,147
Finland,FIN,1995,146
Finland,FIN,1996,153
Finland,FIN,1997,139
Finland,FIN,1998,113
Finland,FIN,1999,143
Finland,FIN,2000,148
Finland,FIN,2001,156
Finland,FIN,2002,132
Finland,FIN,2003,103
Finland,FIN,2004,148
Finland,FIN,2005,119
Finland,FIN,2006,119
Finland,FIN,2007,129
Finland,FIN,2008,133
Finland,FIN,2009,120
Finland,FIN,2010,118
Finland,FIN,2011,110
Finland,FIN,2012,89
Finland,FIN,2013,89
Finland,FIN,2014,88
Finland,FIN,2015,82
Finland,FIN,2016,74
Finland,FIN,2017,67
Finland,FIN,2018,86
Finland,FIN,2019,81
Finland,FIN,2020,91
France,FRA,1990,1355
France,FRA,1991,1355
France,FRA,1992,1342
France,FRA,1993,1519
France,FRA,1994,1406
France,FRA,1995,1336
France,FRA,1996,1171
France,FRA,1997,963
France,FRA,1998,961
France,FRA,1999,953
France,FRA,2000,1051
France,FRA,2001,1047
France,FRA,2002,1119
France,FRA,2003,987
France,FRA,2004,990
France,FRA,2005,976
France,FRA,2006,879
France,FRA,2007,993
France,FRA,2008,1021
France,FRA,2009,819
France,FRA,2010,796
France,FRA,2011,856
France,FRA,2012,784
France,FRA,2013,777
France,FRA,2014,792
France,FRA,2015,1012
France,FRA,2016,779
France,FRA,2017,710
France,FRA,2018,696
France,FRA,2019,753
France,FRA,2020,692
France,FRA,2021,734
French Guiana,GUF,2004,58
French Guiana,GUF,2005,45
French Guiana,GUF,2006,42
French Guiana,GUF,2007,28
French Guiana,GUF,2008,32
French Guiana,GUF,2009,30
French Guiana,GUF,2018,35.96411
French Guiana,GUF,2019,37.781708
French Guiana,GUF,2020,38.69901
French Polynesia,PYF,2006,3
French Polynesia,PYF,2007,7
French Polynesia,PYF,2008,9
French Polynesia,PYF,2009,1
Georgia,GEO,1990,270
Georgia,GEO,1991,419
Georgia,GEO,1992,770
Georgia,GEO,1993,878
Georgia,GEO,1994,578
Georgia,GEO,1995,391
Georgia,GEO,1996,270
Georgia,GEO,1997,285
Georgia,GEO,1998,243
Georgia,GEO,1999,244
Georgia,GEO,2000,239
Georgia,GEO,2001,263
Georgia,GEO,2002,292
Georgia,GEO,2004,298
Georgia,GEO,2005,403
Georgia,GEO,2006,323
Georgia,GEO,2007,330
Georgia,GEO,2008,263
Georgia,GEO,2009,210
Georgia,GEO,2010,187
Georgia,GEO,2016,39
Georgia,GEO,2017,91
Georgia,GEO,2018,89
Georgia,GEO,2019,77
Germany,DEU,1990,931
Germany,DEU,1991,1127
Germany,DEU,1992,1158
Germany,DEU,1993,1348
Germany,DEU,1994,1949
Germany,DEU,1995,2032
Germany,DEU,1996,1923
Germany,DEU,1997,1800
Germany,DEU,1998,1602
Germany,DEU,1999,1326
Germany,DEU,2000,1364
Germany,DEU,2001,1181
Germany,DEU,2002,1172
Germany,DEU,2003,1097
Germany,DEU,2004,1112
Germany,DEU,2005,1044
Germany,DEU,2006,988
Germany,DEU,2007,888
Germany,DEU,2008,831
Germany,DEU,2009,803
Germany,DEU,2010,793
Germany,DEU,2011,738
Germany,DEU,2012,659
Germany,DEU,2013,682
Germany,DEU,2014,716
Germany,DEU,2015,682
Germany,DEU,2016,963
Germany,DEU,2017,813
Germany,DEU,2018,788
Germany,DEU,2019,623
Germany,DEU,2020,782
Germany,DEU,2021,695
Ghana,GHA,2001,433
Ghana,GHA,2002,401
Ghana,GHA,2003,436
Ghana,GHA,2004,452
Ghana,GHA,2005,393
Ghana,GHA,2006,412
Ghana,GHA,2007,399
Ghana,GHA,2008,430
Ghana,GHA,2009,427
Ghana,GHA,2010,422
Ghana,GHA,2011,423
Ghana,GHA,2012,560
Ghana,GHA,2013,551
Ghana,GHA,2014,543
Ghana,GHA,2015,525
Ghana,GHA,2016,549
Ghana,GHA,2017,609
Ghana,GHA,2018,500
Ghana,GHA,2019,571
Ghana,GHA,2020,555
Ghana,GHA,2021,603
Gibraltar,GIB,2009,0
Gibraltar,GIB,2010,1
Greece,GRC,1990,104
Greece,GRC,1991,138
Greece,GRC,1992,137
Greece,GRC,1993,150
Greece,GRC,1994,133
Greece,GRC,1995,151
Greece,GRC,1996,169
Greece,GRC,1997,203
Greece,GRC,1998,176
Greece,GRC,1999,155
Greece,GRC,2001,132
Greece,GRC,2002,94
Greece,GRC,2004,111
Greece,GRC,2005,132
Greece,GRC,2006,110
Greece,GRC,2007,130
Greece,GRC,2008,144
Greece,GRC,2009,152
Greece,GRC,2010,176
Greece,GRC,2011,184
Greece,GRC,2012,166
Greece,GRC,2013,153
Greece,GRC,2014,107
Greece,GRC,2015,93
Greece,GRC,2016,84
Greece,GRC,2017,86
Greece,GRC,2018,99
Greece,GRC,2019,78
Greece,GRC,2020,78
Greece,GRC,2021,89
Greenland,GRL,1992,13
Greenland,GRL,1993,12
Greenland,GRL,1994,6
Greenland,GRL,1995,11
Greenland,GRL,1996,3
Greenland,GRL,1997,11
Greenland,GRL,1998,6
Greenland,GRL,1999,11
Greenland,GRL,2000,13
Greenland,GRL,2001,17
Greenland,GRL,2002,12
Greenland,GRL,2003,5
Greenland,GRL,2004,11
Greenland,GRL,2005,10
Greenland,GRL,2006,8
Greenland,GRL,2007,8
Greenland,GRL,2008,8
Greenland,GRL,2009,10
Greenland,GRL,2010,11
Greenland,GRL,2011,1
Greenland,GRL,2012,8
Greenland,GRL,2013,7
Greenland,GRL,2014,4
Greenland,GRL,2015,4
Greenland,GRL,2016,3
Grenada,GRD,2000,15
Grenada,GRD,2001,6
Grenada,GRD,2002,14
Grenada,GRD,2003,9
Grenada,GRD,2004,6
Grenada,GRD,2005,11
Grenada,GRD,2006,12
Grenada,GRD,2007,11
Grenada,GRD,2008,16
Grenada,GRD,2009,7
Grenada,GRD,2010,10
Grenada,GRD,2011,4
Grenada,GRD,2012,14
Grenada,GRD,2013,6
Grenada,GRD,2014,8
Grenada,GRD,2015,6
Grenada,GRD,2016,11
Grenada,GRD,2017,12
Grenada,GRD,2018,12
Grenada,GRD,2019,16
Grenada,GRD,2020,14
Grenada,GRD,2021,5
Guadeloupe,GLP,2004,26
Guadeloupe,GLP,2005,23
Guadeloupe,GLP,2006,24
Guadeloupe,GLP,2007,29
Guadeloupe,GLP,2008,32
Guadeloupe,GLP,2009,36
Guadeloupe,GLP,2011,27
Guadeloupe,GLP,2012,31
Guadeloupe,GLP,2013,35
Guadeloupe,GLP,2014,21
Guadeloupe,GLP,2015,39
Guadeloupe,GLP,2016,23
Guam,GUM,2000,2
Guam,GUM,2001,8
Guam,GUM,2002,2
Guam,GUM,2003,8
Guam,GUM,2004,9
Guam,GUM,2005,7
Guam,GUM,2006,11
Guam,GUM,2007,1
Guam,GUM,2008,1
Guam,GUM,2009,5
Guam,GUM,2010,3
Guam,GUM,2011,4
Guam,GUM,2019,7
Guatemala,GTM,1992,2669
Guatemala,GTM,1993,3231
Guatemala,GTM,1994,3239
Guatemala,GTM,1995,3260
Guatemala,GTM,1996,3619
Guatemala,GTM,1997,3998
Guatemala,GTM,1998,3310
Guatemala,GTM,1999,2655
Guatemala,GTM,2000,2904
Guatemala,GTM,2001,3230
Guatemala,GTM,2002,3631
Guatemala,GTM,2003,4237
Guatemala,GTM,2004,4507
Guatemala,GTM,2005,5338
Guatemala,GTM,2006,5885
Guatemala,GTM,2007,5781
Guatemala,GTM,2008,6292
Guatemala,GTM,2009,6498
Guatemala,GTM,2010,5960
Guatemala,GTM,2011,5681
Guatemala,GTM,2012,5155
Guatemala,GTM,2013,5155
Guatemala,GTM,2014,5253
Guatemala,GTM,2017,5435
Guatemala,GTM,2018,4869
Guatemala,GTM,2019,4387
Guatemala,GTM,2020,3292
Guatemala,GTM,2021,3520
Guinea-Bissau,GNB,2016,64
Guinea-Bissau,GNB,2017,21
Guyana,GUY,1990,90
Guyana,GUY,1991,192
Guyana,GUY,1992,105
Guyana,GUY,1993,117
Guyana,GUY,1994,108
Guyana,GUY,1995,109
Guyana,GUY,1996,88
Guyana,GUY,1997,87
Guyana,GUY,1998,113
Guyana,GUY,1999,91
Guyana,GUY,2000,76
Guyana,GUY,2001,80
Guyana,GUY,2002,143
Guyana,GUY,2003,209
Guyana,GUY,2004,131
Guyana,GUY,2005,142
Guyana,GUY,2006,153
Guyana,GUY,2007,115
Guyana,GUY,2008,158
Guyana,GUY,2009,117
Guyana,GUY,2010,140
Guyana,GUY,2011,130
Guyana,GUY,2012,139
Guyana,GUY,2013,155
Guyana,GUY,2014,149
Guyana,GUY,2015,149
Guyana,GUY,2016,142
Guyana,GUY,2017,115
Guyana,GUY,2018,111
Guyana,GUY,2019,136
Guyana,GUY,2020,157
Guyana,GUY,2021,131
Haiti,HTI,2007,486
Haiti,HTI,2008,498
Haiti,HTI,2009,598
Haiti,HTI,2010,677
Haiti,HTI,2011,914
Haiti,HTI,2012,1033
Haiti,HTI,2013,1039
Haiti,HTI,2014,980
Haiti,HTI,2015,1071
Haiti,HTI,2016,1028
Haiti,HTI,2018,743
Haiti,HTI,2020,1280
Haiti,HTI,2021,1489
Haiti,HTI,2022,2088
Honduras,HND,1990,495.5328
Honduras,HND,1991,703.7932
Honduras,HND,1992,955.10614
Honduras,HND,1993,1252.5227
Honduras,HND,1994,1682.4454
Honduras,HND,1995,1534
Honduras,HND,1999,2563
Honduras,HND,2000,3176
Honduras,HND,2001,3488
Honduras,HND,2002,3623
Honduras,HND,2003,4073
Honduras,HND,2004,3639
Honduras,HND,2005,3212
Honduras,HND,2006,3118
Honduras,HND,2007,3588
Honduras,HND,2008,4455
Honduras,HND,2009,5280
Honduras,HND,2010,6236
Honduras,HND,2011,7104
Honduras,HND,2012,7172
Honduras,HND,2013,6431
Honduras,HND,2014,5891
Honduras,HND,2015,5148
Honduras,HND,2016,5150
Honduras,HND,2017,3864
Honduras,HND,2018,3709
Honduras,HND,2019,4078
Honduras,HND,2020,3613
Honduras,HND,2021,3931
Hong Kong,HKG,1990,137
Hong Kong,HKG,1991,92
Hong Kong,HKG,1992,108
Hong Kong,HKG,1993,86
Hong Kong,HKG,1994,96
Hong Kong,HKG,1995,73
Hong Kong,HKG,1996,77
Hong Kong,HKG,1997,102
Hong Kong,HKG,1998,64
Hong Kong,HKG,1999,63
Hong Kong,HKG,2000,43
Hong Kong,HKG,2001,66
Hong Kong,HKG,2002,69
Hong Kong,HKG,2003,52
Hong Kong,HKG,2004,45
Hong Kong,HKG,2005,34
Hong Kong,HKG,2006,35
Hong Kong,HKG,2007,18
Hong Kong,HKG,2008,36
Hong Kong,HKG,2009,47
Hong Kong,HKG,2010,35
Hong Kong,HKG,2011,17
Hong Kong,HKG,2012,27
Hong Kong,HKG,2013,62
Hong Kong,HKG,2014,27
Hong Kong,HKG,2015,22
Hong Kong,HKG,2016,28
Hong Kong,HKG,2017,24
Hong Kong,HKG,2018,48
Hong Kong,HKG,2019,24
Hong Kong,HKG,2020,22
Hong Kong,HKG,2021,23
Hungary,HUN,1990,201
Hungary,HUN,1991,307
Hungary,HUN,1992,305
Hungary,HUN,1993,298
Hungary,HUN,1994,313
Hungary,HUN,1995,296
Hungary,HUN,1996,271
Hungary,HUN,1997,289
Hungary,HUN,1998,289
Hungary,HUN,1999,253
Hungary,HUN,2000,205
Hungary,HUN,2001,254
Hungary,HUN,2002,203
Hungary,HUN,2003,228
Hungary,HUN,2004,209
Hungary,HUN,2005,164
Hungary,HUN,2006,174
Hungary,HUN,2007,154
Hungary,HUN,2008,181
Hungary,HUN,2009,139
Hungary,HUN,2010,138
Hungary,HUN,2011,145
Hungary,HUN,2012,124
Hungary,HUN,2013,154
Hungary,HUN,2014,146
Hungary,HUN,2015,221
Hungary,HUN,2016,202
Hungary,HUN,2017,160
Hungary,HUN,2018,86
Hungary,HUN,2019,64
Hungary,HUN,2020,80
Hungary,HUN,2021,75
Iceland,ISL,1994,0
Iceland,ISL,1995,0
Iceland,ISL,1996,1
Iceland,ISL,1997,2
Iceland,ISL,1998,0
Iceland,ISL,1999,2
Iceland,ISL,2000,5
Iceland,ISL,2001,1
Iceland,ISL,2002,4
Iceland,ISL,2005,3
Iceland,ISL,2006,0
Iceland,ISL,2007,2
Iceland,ISL,2008,0
Iceland,ISL,2009,1
Iceland,ISL,2010,2
Iceland,ISL,2011,3
Iceland,ISL,2012,1
Iceland,ISL,2013,1
Iceland,ISL,2014,1
Iceland,ISL,2015,3
Iceland,ISL,2016,1
Iceland,ISL,2017,3
Iceland,ISL,2018,3
Iceland,ISL,2019,1
Iceland,ISL,2020,5
Iceland,ISL,2021,2
India,IND,1990,44162
India,IND,1991,48574
India,IND,1992,49688
India,IND,1993,47947
India,IND,1994,47458
India,IND,1995,46386
India,IND,1996,46912
India,IND,1997,47418
India,IND,1998,49292
India,IND,1999,47781
India,IND,2000,48167
India,IND,2001,46420
India,IND,2002,45736
India,IND,2003,44331
India,IND,2004,46490
India,IND,2005,45095
India,IND,2006,44961
India,IND,2007,45362
India,IND,2008,45999
India,IND,2009,45824
India,IND,2010,46460
India,IND,2011,47640
India,IND,2012,47478
India,IND,2013,45878
India,IND,2014,47356
India,IND,2015,44373
India,IND,2016,42320
India,IND,2017,41017
India,IND,2018,40985
India,IND,2019,40479
India,IND,2020,40651
India,IND,2021,41330
Indonesia,IDN,1998,1758
Indonesia,IDN,1999,2090
Indonesia,IDN,2000,2204
Indonesia,IDN,2003,1635
Indonesia,IDN,2004,1419
Iran,IRN,2009,2215
Iran,IRN,2013,2037
Iran,IRN,2014,1936
Iraq,IRQ,1990,1168
Iraq,IRQ,1991,1171
Iraq,IRQ,1992,1397
Iraq,IRQ,1993,1118
Iraq,IRQ,1994,1267
Iraq,IRQ,2008,4596
Iraq,IRQ,2009,2554
Iraq,IRQ,2010,2691
Iraq,IRQ,2011,2634
Iraq,IRQ,2012,2697
Iraq,IRQ,2013,3339
Ireland,IRL,1990,17
Ireland,IRL,1991,23
Ireland,IRL,1992,25
Ireland,IRL,1993,23
Ireland,IRL,1994,25
Ireland,IRL,1995,43
Ireland,IRL,1996,42
Ireland,IRL,1997,38
Ireland,IRL,1998,38
Ireland,IRL,1999,38
Ireland,IRL,2000,37
Ireland,IRL,2001,52
Ireland,IRL,2002,52
Ireland,IRL,2003,37
Ireland,IRL,2004,30
Ireland,IRL,2005,52
Ireland,IRL,2006,62
Ireland,IRL,2007,78
Ireland,IRL,2008,51
Ireland,IRL,2009,53
Ireland,IRL,2010,55
Ireland,IRL,2011,42
Ireland,IRL,2012,52
Ireland,IRL,2013,51
Ireland,IRL,2015,31
Ireland,IRL,2016,34
Ireland,IRL,2017,39
Ireland,IRL,2018,39
Ireland,IRL,2019,32
Ireland,IRL,2020,33
Ireland,IRL,2021,22
Isle of Man,IMN,2011,1
Isle of Man,IMN,2012,2
Isle of Man,IMN,2013,2
Isle of Man,IMN,2014,3
Isle of Man,IMN,2015,1
Isle of Man,IMN,2016,0
Israel,ISR,1990,147
Israel,ISR,1991,112
Israel,ISR,1992,149
Israel,ISR,1993,141
Israel,ISR,1994,140
Israel,ISR,1995,112
Israel,ISR,1996,117
Israel,ISR,1997,156
Israel,ISR,1998,147
Israel,ISR,1999,137
Israel,ISR,2000,154
Israel,ISR,2001,193
Israel,ISR,2002,208
Israel,ISR,2003,171
Israel,ISR,2004,159
Israel,ISR,2005,169
Israel,ISR,2006,153
Israel,ISR,2007,135
Israel,ISR,2008,120
Israel,ISR,2009,144
Israel,ISR,2010,150
Israel,ISR,2011,147
Israel,ISR,2012,128
Israel,ISR,2013,127
Israel,ISR,2014,108
Israel,ISR,2015,110
Israel,ISR,2016,104
Israel,ISR,2017,123
Israel,ISR,2018,116
Israel,ISR,2019,132
Israel,ISR,2020,125
Israel,ISR,2021,173
Italy,ITA,1990,1794
Italy,ITA,1991,1938
Italy,ITA,1992,1476
Italy,ITA,1993,1071
Italy,ITA,1994,969
Italy,ITA,1995,1012
Italy,ITA,1996,953
Italy,ITA,1997,873
Italy,ITA,1998,889
Italy,ITA,1999,819
Italy,ITA,2000,766
Italy,ITA,2001,709
Italy,ITA,2002,644
Italy,ITA,2005,610
Italy,ITA,2006,625
Italy,ITA,2007,631
Italy,ITA,2008,615
Italy,ITA,2009,590
Italy,ITA,2010,529
Italy,ITA,2011,552
Italy,ITA,2012,530
Italy,ITA,2013,502
Italy,ITA,2014,475
Italy,ITA,2015,469
Italy,ITA,2016,404
Italy,ITA,2017,376
Italy,ITA,2018,359
Italy,ITA,2019,317
Italy,ITA,2020,285
Italy,ITA,2021,303
Jamaica,JAM,1990,544
Jamaica,JAM,1991,566
Jamaica,JAM,1992,632
Jamaica,JAM,1993,657
Jamaica,JAM,1994,692
Jamaica,JAM,1995,780
Jamaica,JAM,1996,925
Jamaica,JAM,1997,1038
Jamaica,JAM,1998,859
Jamaica,JAM,1999,854
Jamaica,JAM,2000,887
Jamaica,JAM,2001,1139
Jamaica,JAM,2002,1045
Jamaica,JAM,2003,975
Jamaica,JAM,2004,1471
Jamaica,JAM,2005,1674
Jamaica,JAM,2006,1340
Jamaica,JAM,2007,1584
Jamaica,JAM,2008,1619
Jamaica,JAM,2009,1683
Jamaica,JAM,2010,1447
Jamaica,JAM,2011,1133
Jamaica,JAM,2012,1102
Jamaica,JAM,2013,1202
Jamaica,JAM,2014,1005
Jamaica,JAM,2015,1209
Jamaica,JAM,2016,1354
Jamaica,JAM,2017,1647
Jamaica,JAM,2018,1289
Jamaica,JAM,2019,1340
Jamaica,JAM,2020,1333
Jamaica,JAM,2021,1474
Japan,JPN,1990,676
Japan,JPN,1991,639
Japan,JPN,1992,673
Japan,JPN,1993,715
Japan,JPN,1994,751
Japan,JPN,1995,724
Japan,JPN,1996,652
Japan,JPN,1997,710
Japan,JPN,1998,775
Japan,JPN,1999,736
Japan,JPN,2000,678
Japan,JPN,2001,697
Japan,JPN,2002,662
Japan,JPN,2003,697
Japan,JPN,2004,699
Japan,JPN,2005,643
Japan,JPN,2006,619
Japan,JPN,2007,574
Japan,JPN,2008,654
Japan,JPN,2009,506
Japan,JPN,2010,465
Japan,JPN,2011,442
Japan,JPN,2012,429
Japan,JPN,2013,370
Japan,JPN,2014,395
Japan,JPN,2015,363
Japan,JPN,2016,362
Japan,JPN,2017,306
Japan,JPN,2018,334
Japan,JPN,2019,319
Japan,JPN,2020,318
Japan,JPN,2021,285
Jordan,JOR,1990,120
Jordan,JOR,1991,121
Jordan,JOR,1992,141
Jordan,JOR,1993,165
Jordan,JOR,1994,197
Jordan,JOR,1995,35
Jordan,JOR,1996,45
Jordan,JOR,1997,42
Jordan,JOR,2007,112
Jordan,JOR,2008,120
Jordan,JOR,2009,102
Jordan,JOR,2010,116
Jordan,JOR,2011,141
Jordan,JOR,2012,161
Jordan,JOR,2013,144
Jordan,JOR,2014,170
Jordan,JOR,2015,151
Jordan,JOR,2016,131
Jordan,JOR,2017,133
Jordan,JOR,2018,94
Jordan,JOR,2019,122
Jordan,JOR,2020,108
Jordan,JOR,2021,114
Kazakhstan,KAZ,1990,1475
Kazakhstan,KAZ,1991,1512
Kazakhstan,KAZ,1992,1880
Kazakhstan,KAZ,1993,2586
Kazakhstan,KAZ,1994,2549
Kazakhstan,KAZ,1995,2447
Kazakhstan,KAZ,1996,2625
Kazakhstan,KAZ,1997,2581
Kazakhstan,KAZ,1998,2531
Kazakhstan,KAZ,1999,2374
Kazakhstan,KAZ,2000,2325
Kazakhstan,KAZ,2001,2160
Kazakhstan,KAZ,2002,1967
Kazakhstan,KAZ,2003,1991
Kazakhstan,KAZ,2004,2091
Kazakhstan,KAZ,2008,1807
Kazakhstan,KAZ,2009,1771
Kazakhstan,KAZ,2010,1387
Kazakhstan,KAZ,2011,1420
Kazakhstan,KAZ,2012,1266
Kazakhstan,KAZ,2013,1120
Kazakhstan,KAZ,2014,904
Kazakhstan,KAZ,2015,853
Kazakhstan,KAZ,2017,915
Kazakhstan,KAZ,2020,606
Kenya,KEN,2004,1199.7
Kenya,KEN,2005,1083.6
Kenya,KEN,2006,1105.96
Kenya,KEN,2007,1101.66
Kenya,KEN,2008,1215.18
Kenya,KEN,2009,1907.48
Kenya,KEN,2010,1926
Kenya,KEN,2011,2271
Kenya,KEN,2012,2374
Kenya,KEN,2014,2305
Kenya,KEN,2015,2261
Kenya,KEN,2016,2363
Kenya,KEN,2017,2466
Kenya,KEN,2018,1569
Kenya,KEN,2019,1576
Kenya,KEN,2020,1859
Kenya,KEN,2021,2796
Kiribati,KIR,1991,0
Kiribati,KIR,1992,0
Kiribati,KIR,1993,0
Kiribati,KIR,1994,0
Kiribati,KIR,1995,0
Kiribati,KIR,1996,1
Kiribati,KIR,1997,0
Kiribati,KIR,1998,0
Kiribati,KIR,1999,0
Kiribati,KIR,2000,3
Kiribati,KIR,2001,4
Kiribati,KIR,2008,7
Kiribati,KIR,2009,1
Kiribati,KIR,2010,4
Kiribati,KIR,2011,11
Kiribati,KIR,2012,8
Kosovo,OWID_KOS,2008,113
Kosovo,OWID_KOS,2009,73
Kosovo,OWID_KOS,2010,106
Kosovo,OWID_KOS,2011,62
Kosovo,OWID_KOS,2012,90
Kosovo,OWID_KOS,2013,41
Kosovo,OWID_KOS,2014,55
Kosovo,OWID_KOS,2015,42
Kosovo,OWID_KOS,2016,38
Kosovo,OWID_KOS,2017,48
Kosovo,OWID_KOS,2018,44
Kosovo,OWID_KOS,2019,24
Kosovo,OWID_KOS,2020,37
Kosovo,OWID_KOS,2021,33
Kuwait,KWT,1996,16
Kuwait,KWT,2001,39
Kuwait,KWT,2002,23
Kuwait,KWT,2003,29
Kuwait,KWT,2004,43
Kuwait,KWT,2005,41
Kuwait,KWT,2006,45
Kuwait,KWT,2007,59
Kuwait,KWT,2008,38
Kuwait,KWT,2009,49
Kuwait,KWT,2010,60
Kuwait,KWT,2011,59
Kuwait,KWT,2012,61
Kuwait,KWT,2017,46
Kuwait,KWT,2018,37
Kuwait,KWT,2019,16
Kuwait,KWT,2020,11
Latvia,LVA,1992,259
Latvia,LVA,1993,387
Latvia,LVA,1994,348
Latvia,LVA,1995,288
Latvia,LVA,1996,268
Latvia,LVA,1997,272
Latvia,LVA,1998,250
Latvia,LVA,1999,229
Latvia,LVA,2000,238
Latvia,LVA,2001,219
Latvia,LVA,2002,214
Latvia,LVA,2012,70
Latvia,LVA,2013,50
Latvia,LVA,2014,64
Latvia,LVA,2015,67
Latvia,LVA,2016,69
Latvia,LVA,2017,81
Latvia,LVA,2018,84
Latvia,LVA,2019,65
Latvia,LVA,2020,70
Latvia,LVA,2021,57
Lebanon,LBN,2008,183
Lebanon,LBN,2009,145
Lebanon,LBN,2010,163
Lebanon,LBN,2011,168
Lebanon,LBN,2012,194
Lebanon,LBN,2013,236
Lebanon,LBN,2014,240
Lebanon,LBN,2015,231
Lebanon,LBN,2016,235
Lebanon,LBN,2017,246
Lebanon,LBN,2018,172
Lebanon,LBN,2019,182
Lebanon,LBN,2020,128
Lesotho,LSO,1990,519
Lesotho,LSO,1991,549
Lesotho,LSO,1992,640
Lesotho,LSO,1993,665
Lesotho,LSO,1994,833
Lesotho,LSO,2007,895
Lesotho,LSO,2008,752
Liberia,LBR,2007,100
Liberia,LBR,2008,177
Liberia,LBR,2009,145
Liberia,LBR,2010,129
Liberia,LBR,2011,161
Liberia,LBR,2012,135
Liechtenstein,LIE,1994,0
Liechtenstein,LIE,1995,0
Liechtenstein,LIE,1996,0
Liechtenstein,LIE,1997,0
Liechtenstein,LIE,1998,0
Liechtenstein,LIE,1999,1
Liechtenstein,LIE,2000,0
Liechtenstein,LIE,2001,0
Liechtenstein,LIE,2002,0
Liechtenstein,LIE,2003,0
Liechtenstein,LIE,2004,1
Liechtenstein,LIE,2007,0
Liechtenstein,LIE,2008,1
Liechtenstein,LIE,2009,0
Liechtenstein,LIE,2010,1
Liechtenstein,LIE,2011,0
Liechtenstein,LIE,2012,0
Liechtenstein,LIE,2013,0
Liechtenstein,LIE,2014,1
Liechtenstein,LIE,2015,0
Liechtenstein,LIE,2016,0
Liechtenstein,LIE,2017,1
Liechtenstein,LIE,2018,1
Liechtenstein,LIE,2019,1
Liechtenstein,LIE,2020,1
Liechtenstein,LIE,2021,2
Lithuania,LTU,1990,180
Lithuania,LTU,1991,214
Lithuania,LTU,1992,266
Lithuania,LTU,1993,416
Lithuania,LTU,1994,465
Lithuania,LTU,1995,502
Lithuania,LTU,1996,405
Lithuania,LTU,1997,391
Lithuania,LTU,1998,311
Lithuania,LTU,1999,309
Lithuania,LTU,2000,370
Lithuania,LTU,2001,353
Lithuania,LTU,2002,293
Lithuania,LTU,2004,343
Lithuania,LTU,2005,372
Lithuania,LTU,2006,288
Lithuania,LTU,2007,277
Lithuania,LTU,2008,298
Lithuania,LTU,2009,252
Lithuania,LTU,2010,219
Lithuania,LTU,2011,211
Lithuania,LTU,2012,202
Lithuania,LTU,2013,198
Lithuania,LTU,2014,159
Lithuania,LTU,2015,172
Lithuania,LTU,2016,153
Lithuania,LTU,2017,100
Lithuania,LTU,2018,92
Lithuania,LTU,2019,94
Lithuania,LTU,2020,101
Lithuania,LTU,2021,72
Luxembourg,LUX,1994,6
Luxembourg,LUX,1995,2
Luxembourg,LUX,1996,4
Luxembourg,LUX,1997,4
Luxembourg,LUX,1998,4
Luxembourg,LUX,1999,6
Luxembourg,LUX,2000,4
Luxembourg,LUX,2001,9
Luxembourg,LUX,2002,6
Luxembourg,LUX,2003,3
Luxembourg,LUX,2004,2
Luxembourg,LUX,2005,4
Luxembourg,LUX,2006,7
Luxembourg,LUX,2007,7
Luxembourg,LUX,2008,8
Luxembourg,LUX,2009,5
Luxembourg,LUX,2010,10
Luxembourg,LUX,2011,4
Luxembourg,LUX,2012,0
Luxembourg,LUX,2013,1
Luxembourg,LUX,2014,4
Luxembourg,LUX,2015,5
Luxembourg,LUX,2016,5
Luxembourg,LUX,2017,2
Luxembourg,LUX,2018,3
Luxembourg,LUX,2019,4
Luxembourg,LUX,2020,3
Luxembourg,LUX,2021,4
Macao,MAC,1991,12
Macao,MAC,1992,3
Macao,MAC,1993,12
Macao,MAC,1994,13
Macao,MAC,1995,8
Macao,MAC,1996,17
Macao,MAC,1997,30
Macao,MAC,1998,24
Macao,MAC,1999,37
Macao,MAC,2000,10
Macao,MAC,2001,8
Macao,MAC,2002,2
Macao,MAC,2003,8
Macao,MAC,2004,4
Macao,MAC,2005,4
Macao,MAC,2006,10
Macao,MAC,2007,6
Macao,MAC,2008,4
Macao,MAC,2009,5
Macao,MAC,2010,2
Macao,MAC,2011,4
Macao,MAC,2012,4
Macao,MAC,2013,1
Macao,MAC,2014,1
Macao,MAC,2015,1
Macao,MAC,2016,1
Macao,MAC,2017,2
Macao,MAC,2018,2
Macao,MAC,2019,2
Macao,MAC,2020,2
Macao,MAC,2021,3
Malawi,MWI,2000,700
Malawi,MWI,2001,900
Malawi,MWI,2002,567
Malawi,MWI,2003,300
Malawi,MWI,2004,411
Malawi,MWI,2005,200
Malawi,MWI,2006,821
Malawi,MWI,2007,690
Malawi,MWI,2008,780
Malawi,MWI,2009,320
Malawi,MWI,2010,520
Malawi,MWI,2011,343
Malawi,MWI,2012,279
Malaysia,MYS,1990,313
Malaysia,MYS,1991,384
Malaysia,MYS,1992,366
Malaysia,MYS,1993,360
Malaysia,MYS,1994,336
Malaysia,MYS,1995,396
Malaysia,MYS,1996,447
Malaysia,MYS,1997,540
Malaysia,MYS,1998,629
Malaysia,MYS,1999,588
Malaysia,MYS,2000,551
Malaysia,MYS,2001,517
Malaysia,MYS,2002,565
Malaysia,MYS,2003,565
Malaysia,MYS,2004,497
Malaysia,MYS,2005,604
Malaysia,MYS,2006,588
Malaysia,MYS,2007,652
Malaysia,MYS,2008,597
Malaysia,MYS,2009,561
Malaysia,MYS,2010,540
Malaysia,MYS,2011,530
Malaysia,MYS,2012,602
Malaysia,MYS,2013,627
Malaysia,MYS,2014,510
Malaysia,MYS,2015,498
Malaysia,MYS,2016,456
Malaysia,MYS,2017,379
Malaysia,MYS,2018,323
Malaysia,MYS,2019,310
Malaysia,MYS,2020,253
Malaysia,MYS,2021,243
Maldives,MDV,1990,1
Maldives,MDV,1995,2
Maldives,MDV,1997,6
Maldives,MDV,2001,7
Maldives,MDV,2002,8
Maldives,MDV,2007,3
Maldives,MDV,2008,5
Maldives,MDV,2009,6
Maldives,MDV,2010,6
Maldives,MDV,2011,3
Maldives,MDV,2012,10
Maldives,MDV,2013,3
Maldives,MDV,2015,4
Maldives,MDV,2016,18
Maldives,MDV,2017,34
Maldives,MDV,2019,3
Malta,MLT,1990,4
Malta,MLT,1991,3
Malta,MLT,1992,6
Malta,MLT,1993,7
Malta,MLT,1994,3
Malta,MLT,1998,5
Malta,MLT,1999,10
Malta,MLT,2000,4
Malta,MLT,2001,6
Malta,MLT,2002,6
Malta,MLT,2004,7
Malta,MLT,2005,4
Malta,MLT,2006,0
Malta,MLT,2007,4
Malta,MLT,2008,6
Malta,MLT,2009,4
Malta,MLT,2010,4
Malta,MLT,2011,3
Malta,MLT,2012,12
Malta,MLT,2013,7
Malta,MLT,2014,6
Malta,MLT,2015,4
Malta,MLT,2016,5
Malta,MLT,2017,8
Malta,MLT,2018,8
Malta,MLT,2019,5
Malta,MLT,2020,7
Malta,MLT,2021,2
Marshall Islands,MHL,1991,5
Marshall Islands,MHL,1992,2
Marshall Islands,MHL,1994,2
Martinique,MTQ,2004,19
Martinique,MTQ,2005,19
Martinique,MTQ,2006,23
Martinique,MTQ,2007,23
Martinique,MTQ,2008,17
Martinique,MTQ,2009,11
Mauritania,MRT,2018,53
Mauritania,MRT,2019,48
Mauritania,MRT,2020,46
Mauritius,MUS,1990,20
Mauritius,MUS,1991,29
Mauritius,MUS,1992,31
Mauritius,MUS,1993,21
Mauritius,MUS,1994,27
Mauritius,MUS,1995,25
Mauritius,MUS,1996,34
Mauritius,MUS,1997,24
Mauritius,MUS,1998,31
Mauritius,MUS,1999,23
Mauritius,MUS,2000,26
Mauritius,MUS,2009,38
Mauritius,MUS,2010,33
Mauritius,MUS,2011,32
Mauritius,MUS,2012,28
Mauritius,MUS,2013,35
Mauritius,MUS,2014,19
Mauritius,MUS,2015,21
Mauritius,MUS,2016,21
Mauritius,MUS,2017,33
Mauritius,MUS,2018,37
Mauritius,MUS,2019,27
Mauritius,MUS,2020,35
Mauritius,MUS,2021,34
Mayotte,MYT,2007,27
Mayotte,MYT,2008,5
Mayotte,MYT,2009,12
Melanesia (UN),,2000,514.75116
Melanesia (UN),,2001,486.2464
Melanesia (UN),,2002,520.632
Melanesia (UN),,2003,662.55707
Melanesia (UN),,2004,658.735
Melanesia (UN),,2005,661.3161
Melanesia (UN),,2006,664.46466
Melanesia (UN),,2007,580.50024
Melanesia (UN),,2008,651.5371
Melanesia (UN),,2009,755.0105
Melanesia (UN),,2010,762.64935
Melanesia (UN),,2011,764.07935
Melanesia (UN),,2012,786.285
Melanesia (UN),,2013,807.23065
Melanesia (UN),,2014,829.9464
Melanesia (UN),,2015,851.43353
Melanesia (UN),,2016,872.6573
Melanesia (UN),,2017,893.64655
Melanesia (UN),,2018,914.4309
Melanesia (UN),,2019,935.033
Melanesia (UN),,2020,954.0579
Melanesia (UN),,2021,973.48157
Mexico,MEX,1990,14493
Mexico,MEX,1991,15128
Mexico,MEX,1992,16594
Mexico,MEX,1993,16040
Mexico,MEX,1994,15839
Mexico,MEX,1995,15612
Mexico,MEX,1996,14505
Mexico,MEX,1997,13552
Mexico,MEX,1998,13656
Mexico,MEX,1999,12249
Mexico,MEX,2000,10737
Mexico,MEX,2001,10285
Mexico,MEX,2002,10088
Mexico,MEX,2003,10087
Mexico,MEX,2004,9329
Mexico,MEX,2005,9921
Mexico,MEX,2006,10452
Mexico,MEX,2007,8867
Mexico,MEX,2008,14006
Mexico,MEX,2009,19803
Mexico,MEX,2010,25757
Mexico,MEX,2011,27213
Mexico,MEX,2012,25967
Mexico,MEX,2013,23063
Mexico,MEX,2014,20010
Mexico,MEX,2015,20762
Mexico,MEX,2016,24559
Mexico,MEX,2017,32079
Mexico,MEX,2018,36685
Mexico,MEX,2019,36661
Mexico,MEX,2020,36773
Mexico,MEX,2021,35700
Micronesia (UN),,2000,13.813869
Micronesia (UN),,2001,20.58299
Micronesia (UN),,2002,15.120666
Micronesia (UN),,2003,21.653175
Micronesia (UN),,2004,22.731504
Micronesia (UN),,2005,21.055193
Micronesia (UN),,2006,25.366322
Micronesia (UN),,2007,15.138122
Micronesia (UN),,2008,15.710277
Micronesia (UN),,2009,13.880095
Micronesia (UN),,2010,14.507024
Micronesia (UN),,2011,22.40784
Micronesia (UN),,2012,19.317678
Micronesia (UN),,2013,19.421207
Micronesia (UN),,2014,19.514433
Micronesia (UN),,2015,19.614794
Micronesia (UN),,2016,16.67903
Micronesia (UN),,2017,16.707071
Micronesia (UN),,2018,17.981504
Micronesia (UN),,2019,22.183985
Micronesia (UN),,2020,22.1893
Micronesia (UN),,2021,20.04285
Micronesia (country),FSM,2019,1
Moldova,MDA,1990,290
Moldova,MDA,1991,290
Moldova,MDA,1992,499
Moldova,MDA,1993,387
Moldova,MDA,1994,401
Moldova,MDA,1995,402
Moldova,MDA,1996,400
Moldova,MDA,1997,414
Moldova,MDA,1998,375
Moldova,MDA,1999,391
Moldova,MDA,2000,433
Moldova,MDA,2001,411
Moldova,MDA,2002,401
Moldova,MDA,2003,319
Moldova,MDA,2004,277
Moldova,MDA,2005,296
Moldova,MDA,2006,262
Moldova,MDA,2007,217
Moldova,MDA,2008,236
Moldova,MDA,2009,246
Moldova,MDA,2010,265
Moldova,MDA,2011,216
Moldova,MDA,2012,229
Moldova,MDA,2013,229
Moldova,MDA,2014,161
Moldova,MDA,2015,189
Moldova,MDA,2016,200
Moldova,MDA,2017,141
Moldova,MDA,2018,166
Moldova,MDA,2019,121
Moldova,MDA,2020,93
Monaco,MCO,2001,1
Monaco,MCO,2007,0
Monaco,MCO,2008,0
Mongolia,MNG,2003,343
Mongolia,MNG,2004,333
Mongolia,MNG,2005,398
Mongolia,MNG,2006,336
Mongolia,MNG,2007,295
Mongolia,MNG,2008,212
Mongolia,MNG,2009,219
Mongolia,MNG,2010,239
Mongolia,MNG,2011,266
Mongolia,MNG,2012,199
Mongolia,MNG,2013,208
Mongolia,MNG,2014,213
Mongolia,MNG,2015,214
Mongolia,MNG,2016,184
Mongolia,MNG,2017,191
Mongolia,MNG,2018,196
Mongolia,MNG,2019,205
Mongolia,MNG,2020,205
Mongolia,MNG,2021,206
Montenegro,MNE,2002,27
Montenegro,MNE,2007,12
Montenegro,MNE,2008,24
Montenegro,MNE,2009,21
Montenegro,MNE,2010,15
Montenegro,MNE,2011,21
Montenegro,MNE,2012,17
Montenegro,MNE,2013,10
Montenegro,MNE,2014,20
Montenegro,MNE,2015,17
Montenegro,MNE,2016,28
Montenegro,MNE,2017,15
Montenegro,MNE,2018,14
Montenegro,MNE,2019,23
Montenegro,MNE,2020,18
Montenegro,MNE,2021,15
Montserrat,MSR,1990,0
Montserrat,MSR,1991,0
Montserrat,MSR,1992,2
Montserrat,MSR,1993,0
Montserrat,MSR,1994,1
Montserrat,MSR,1995,0
Montserrat,MSR,1996,1
Montserrat,MSR,1997,0
Montserrat,MSR,1998,1
Montserrat,MSR,1999,0
Montserrat,MSR,2000,0
Montserrat,MSR,2001,0
Montserrat,MSR,2002,0
Montserrat,MSR,2003,0
Montserrat,MSR,2004,0
Montserrat,MSR,2005,1
Montserrat,MSR,2006,1
Montserrat,MSR,2008,1
Montserrat,MSR,2012,1
Montserrat,MSR,2017,0
Montserrat,MSR,2018,0
Morocco,MAR,1990,89
Morocco,MAR,1991,124
Morocco,MAR,1992,132
Morocco,MAR,1993,148
Morocco,MAR,1994,184
Morocco,MAR,1997,732
Morocco,MAR,1998,556
Morocco,MAR,1999,540
Morocco,MAR,2000,461
Morocco,MAR,2001,543
Morocco,MAR,2002,462
Morocco,MAR,2003,510
Morocco,MAR,2004,470
Morocco,MAR,2005,469
Morocco,MAR,2006,498
Morocco,MAR,2007,517
Morocco,MAR,2008,426
Morocco,MAR,2009,432
Morocco,MAR,2010,451
Morocco,MAR,2011,441
Morocco,MAR,2012,383
Morocco,MAR,2013,429
Morocco,MAR,2014,355
Morocco,MAR,2015,431
Morocco,MAR,2016,594
Morocco,MAR,2017,761
Morocco,MAR,2018,510
Morocco,MAR,2019,627
Morocco,MAR,2020,458
Morocco,MAR,2021,716
Mozambique,MOZ,2001,1100
Mozambique,MOZ,2002,1040
Mozambique,MOZ,2003,1044
Mozambique,MOZ,2004,1130
Mozambique,MOZ,2005,1089
Mozambique,MOZ,2006,894
Mozambique,MOZ,2007,849
Mozambique,MOZ,2008,995
Mozambique,MOZ,2009,823
Mozambique,MOZ,2010,875
Mozambique,MOZ,2011,849
Myanmar,MMR,1990,2046
Myanmar,MMR,1995,1613
Myanmar,MMR,2000,1041
Myanmar,MMR,2001,916
Myanmar,MMR,2002,814
Myanmar,MMR,2003,764
Myanmar,MMR,2004,743
Myanmar,MMR,2005,676
Myanmar,MMR,2006,777
Myanmar,MMR,2007,749
Myanmar,MMR,2008,791
Myanmar,MMR,2009,879
Myanmar,MMR,2010,801
Myanmar,MMR,2011,1055
Myanmar,MMR,2012,1436
Myanmar,MMR,2013,1238
Myanmar,MMR,2014,1230
Myanmar,MMR,2015,1302
Myanmar,MMR,2016,1339
Myanmar,MMR,2017,1392
Myanmar,MMR,2018,1452
Myanmar,MMR,2019,1519
Myanmar,MMR,2020,1571
Myanmar,MMR,2021,15299
Namibia,NAM,1995,373
Namibia,NAM,1996,353
Namibia,NAM,1997,327
Namibia,NAM,1998,407
Namibia,NAM,1999,379
Namibia,NAM,2000,380
Namibia,NAM,2001,353
Namibia,NAM,2002,346
Namibia,NAM,2004,352
Namibia,NAM,2008,354
Namibia,NAM,2009,388
Namibia,NAM,2010,314
Namibia,NAM,2011,308
Namibia,NAM,2012,388
Namibia,NAM,2018,476
Namibia,NAM,2019,319
Namibia,NAM,2020,303
Namibia,NAM,2021,315
Nepal,NPL,1990,354
Nepal,NPL,1997,575
Nepal,NPL,1998,650
Nepal,NPL,1999,630
Nepal,NPL,2000,635
Nepal,NPL,2001,848
Nepal,NPL,2002,858
Nepal,NPL,2003,757
Nepal,NPL,2004,936
Nepal,NPL,2005,878
Nepal,NPL,2006,610
Nepal,NPL,2007,841
Nepal,NPL,2008,892
Nepal,NPL,2009,806
Nepal,NPL,2010,813
Nepal,NPL,2011,679
Nepal,NPL,2012,642
Nepal,NPL,2013,606
Nepal,NPL,2014,558
Nepal,NPL,2015,558
Nepal,NPL,2016,598
Nepal,NPL,2017,617
Nepal,NPL,2018,630
Nepal,NPL,2019,659
Netherlands,NLD,1990,135
Netherlands,NLD,1991,177
Netherlands,NLD,1992,193
Netherlands,NLD,1993,192
Netherlands,NLD,1994,171
Netherlands,NLD,1995,193
Netherlands,NLD,1996,211
Netherlands,NLD,1997,208
Netherlands,NLD,1998,176
Netherlands,NLD,1999,203
Netherlands,NLD,2000,180
Netherlands,NLD,2001,202
Netherlands,NLD,2002,195
Netherlands,NLD,2003,202
Netherlands,NLD,2004,191
Netherlands,NLD,2005,174
Netherlands,NLD,2006,128
Netherlands,NLD,2007,143
Netherlands,NLD,2008,150
Netherlands,NLD,2009,154
Netherlands,NLD,2010,144
Netherlands,NLD,2011,143
Netherlands,NLD,2012,145
Netherlands,NLD,2013,125
Netherlands,NLD,2014,123
Netherlands,NLD,2015,104
Netherlands,NLD,2016,94
Netherlands,NLD,2017,132
Netherlands,NLD,2018,100
Netherlands,NLD,2019,109
Netherlands,NLD,2020,107
Netherlands,NLD,2021,114
New Caledonia,NCL,2006,8
New Caledonia,NCL,2007,12
New Caledonia,NCL,2008,11
New Caledonia,NCL,2009,8
New Zealand,NZL,1990,63.348064
New Zealand,NZL,1991,53.60221
New Zealand,NZL,1992,66.59669
New Zealand,NZL,1993,41.41989
New Zealand,NZL,1994,56.85083
New Zealand,NZL,1995,39
New Zealand,NZL,1996,48
New Zealand,NZL,1997,60
New Zealand,NZL,1998,49
New Zealand,NZL,1999,45
New Zealand,NZL,2000,52
New Zealand,NZL,2001,51
New Zealand,NZL,2002,60
New Zealand,NZL,2003,44
New Zealand,NZL,2004,45
New Zealand,NZL,2005,61
New Zealand,NZL,2006,49
New Zealand,NZL,2007,48
New Zealand,NZL,2008,51
New Zealand,NZL,2009,67
New Zealand,NZL,2010,43
New Zealand,NZL,2011,39
New Zealand,NZL,2012,41
New Zealand,NZL,2013,46
New Zealand,NZL,2014,43
New Zealand,NZL,2015,48
New Zealand,NZL,2016,50
New Zealand,NZL,2017,35
New Zealand,NZL,2018,75
New Zealand,NZL,2019,129
Nicaragua,NIC,1990,672
Nicaragua,NIC,1991,732
Nicaragua,NIC,1992,826
Nicaragua,NIC,1993,762
Nicaragua,NIC,1994,725
Nicaragua,NIC,1995,707
Nicaragua,NIC,1996,662
Nicaragua,NIC,1997,679
Nicaragua,NIC,1998,639
Nicaragua,NIC,1999,561
Nicaragua,NIC,2000,476
Nicaragua,NIC,2001,537
Nicaragua,NIC,2002,554
Nicaragua,NIC,2003,635
Nicaragua,NIC,2004,646
Nicaragua,NIC,2005,729
Nicaragua,NIC,2006,722
Nicaragua,NIC,2007,714
Nicaragua,NIC,2008,736
Nicaragua,NIC,2009,802
Nicaragua,NIC,2010,785
Nicaragua,NIC,2011,738
Nicaragua,NIC,2012,673
Nicaragua,NIC,2013,594
Nicaragua,NIC,2014,525
Nicaragua,NIC,2015,524
Nicaragua,NIC,2016,453
Nicaragua,NIC,2017,431
Nicaragua,NIC,2018,682
Nicaragua,NIC,2019,515
Nicaragua,NIC,2021,754
Niger,NER,2011,831
Niger,NER,2012,788
Nigeria,NGA,2016,63400
Nigeria,NGA,2019,44200
North Macedonia,MKD,1998,48
North Macedonia,MKD,1999,38
North Macedonia,MKD,2000,47
North Macedonia,MKD,2001,55
North Macedonia,MKD,2002,60
North Macedonia,MKD,2003,70
North Macedonia,MKD,2004,49
North Macedonia,MKD,2006,46
North Macedonia,MKD,2007,42
North Macedonia,MKD,2008,35
North Macedonia,MKD,2009,35
North Macedonia,MKD,2010,43
North Macedonia,MKD,2011,30
North Macedonia,MKD,2012,29
North Macedonia,MKD,2013,22
North Macedonia,MKD,2014,35
North Macedonia,MKD,2015,25
North Macedonia,MKD,2016,19
North Macedonia,MKD,2017,31
North Macedonia,MKD,2018,25
North Macedonia,MKD,2019,24
Norway,NOR,1990,47
Norway,NOR,1991,50
Norway,NOR,1992,46
Norway,NOR,1993,38
Norway,NOR,1994,33
Norway,NOR,1995,42
Norway,NOR,1996,43
Norway,NOR,1997,38
Norway,NOR,1998,38
Norway,NOR,1999,33
Norway,NOR,2000,48
Norway,NOR,2001,37
Norway,NOR,2002,46
Norway,NOR,2004,36
Norway,NOR,2005,33
Norway,NOR,2006,33
Norway,NOR,2007,30
Norway,NOR,2008,34
Norway,NOR,2009,29
Norway,NOR,2010,29
Norway,NOR,2011,111
Norway,NOR,2012,27
Norway,NOR,2013,46
Norway,NOR,2014,29
Norway,NOR,2015,24
Norway,NOR,2016,27
Norway,NOR,2017,28
Norway,NOR,2018,25
Norway,NOR,2019,28
Norway,NOR,2020,31
Norway,NOR,2021,29
Oceania (UN),,2000,966.21246
Oceania (UN),,2001,931.0575
Oceania (UN),,2002,994.1367
Oceania (UN),,2003,1058.7327
Oceania (UN),,2004,1015.0432
Oceania (UN),,2005,1032.0255
Oceania (UN),,2006,1051.5806
Oceania (UN),,2007,924.4079
Oceania (UN),,2008,1012.16956
Oceania (UN),,2009,1126.9832
Oceania (UN),,2010,1076.2357
Oceania (UN),,2011,1096.3082
Oceania (UN),,2012,1106.0966
Oceania (UN),,2013,1133.0073
Oceania (UN),,2014,1152.2802
Oceania (UN),,2015,1174.3206
Oceania (UN),,2016,1183.0563
Oceania (UN),,2017,1178.526
Oceania (UN),,2018,1266.811
Oceania (UN),,2019,1327.4844
Oceania (UN),,2020,1295.9835
Oceania (UN),,2021,1292.0474
Oman,OMN,2002,28
Oman,OMN,2003,35
Oman,OMN,2004,42
Oman,OMN,2005,53
Oman,OMN,2006,121
Oman,OMN,2007,37
Oman,OMN,2008,47
Oman,OMN,2009,37
Oman,OMN,2010,48
Oman,OMN,2011,34
Oman,OMN,2012,39
Oman,OMN,2013,97
Oman,OMN,2014,12
Oman,OMN,2015,16
Oman,OMN,2016,16
Oman,OMN,2017,17
Oman,OMN,2018,13
Oman,OMN,2019,23
Oman,OMN,2020,14
Oman,OMN,2021,11
Pakistan,PAK,1990,8209
Pakistan,PAK,1996,9062
Pakistan,PAK,1997,9304
Pakistan,PAK,1998,10246
Pakistan,PAK,1999,9332
Pakistan,PAK,2000,8906
Pakistan,PAK,2001,9593
Pakistan,PAK,2002,9466
Pakistan,PAK,2003,9346
Pakistan,PAK,2004,9614
Pakistan,PAK,2005,9782
Pakistan,PAK,2006,10048
Pakistan,PAK,2007,10556
Pakistan,PAK,2008,12059
Pakistan,PAK,2009,12491
Pakistan,PAK,2010,13190
Pakistan,PAK,2011,13860
Pakistan,PAK,2012,13846
Pakistan,PAK,2013,13937
Pakistan,PAK,2014,13276
Pakistan,PAK,2015,9486
Pakistan,PAK,2016,8516
Pakistan,PAK,2017,8235
Pakistan,PAK,2018,8241
Pakistan,PAK,2019,8153
Pakistan,PAK,2020,8490
Pakistan,PAK,2021,9207
Palau,PLW,2015,3
Palau,PLW,2016,0
Palau,PLW,2017,0
Palau,PLW,2018,2
Palestine,PSE,1995,31
Palestine,PSE,1996,120
Palestine,PSE,1997,45
Palestine,PSE,1998,45
Palestine,PSE,1999,54
Palestine,PSE,2000,42
Palestine,PSE,2001,56
Palestine,PSE,2002,85
Palestine,PSE,2004,96
Palestine,PSE,2005,83
Palestine,PSE,2008,47
Palestine,PSE,2009,44
Palestine,PSE,2010,39
Palestine,PSE,2011,30
Palestine,PSE,2012,29
Palestine,PSE,2013,24
Palestine,PSE,2014,24
Palestine,PSE,2015,54
Palestine,PSE,2016,19
Palestine,PSE,2017,34
Palestine,PSE,2018,24
Palestine,PSE,2019,35
Palestine,PSE,2020,48
Palestine,PSE,2021,45
Panama,PAN,1990,278
Panama,PAN,1991,294
Panama,PAN,1992,311
Panama,PAN,1993,308
Panama,PAN,1994,323
Panama,PAN,1995,377
Panama,PAN,1996,248
Panama,PAN,1997,315
Panama,PAN,1998,281
Panama,PAN,1999,285
Panama,PAN,2000,299
Panama,PAN,2001,306
Panama,PAN,2002,376
Panama,PAN,2003,337
Panama,PAN,2004,308
Panama,PAN,2005,364
Panama,PAN,2006,221
Panama,PAN,2007,279
Panama,PAN,2008,493
Panama,PAN,2009,562
Panama,PAN,2010,460
Panama,PAN,2011,549
Panama,PAN,2012,637
Panama,PAN,2013,663
Panama,PAN,2014,604
Panama,PAN,2015,471
Panama,PAN,2016,405
Panama,PAN,2017,378
Panama,PAN,2018,401
Panama,PAN,2019,480
Panama,PAN,2020,500
Panama,PAN,2021,550
Papua New Guinea,PNG,1998,502
Papua New Guinea,PNG,1999,450
Papua New Guinea,PNG,2000,465
Papua New Guinea,PNG,2001,436
Papua New Guinea,PNG,2002,470
Papua New Guinea,PNG,2003,609
Papua New Guinea,PNG,2005,603
Papua New Guinea,PNG,2006,610
Papua New Guinea,PNG,2007,520
Papua New Guinea,PNG,2008,603
Papua New Guinea,PNG,2009,697
Papua New Guinea,PNG,2010,713
Paraguay,PRY,2000,995
Paraguay,PRY,2001,1314
Paraguay,PRY,2002,1372
Paraguay,PRY,2003,1285
Paraguay,PRY,2004,1209
Paraguay,PRY,2005,887
Paraguay,PRY,2006,742
Paraguay,PRY,2007,783
Paraguay,PRY,2008,833
Paraguay,PRY,2009,821
Paraguay,PRY,2010,741
Paraguay,PRY,2011,657
Paraguay,PRY,2012,649
Paraguay,PRY,2013,604
Paraguay,PRY,2014,578
Paraguay,PRY,2015,617
Paraguay,PRY,2016,669
Paraguay,PRY,2017,541
Paraguay,PRY,2018,497
Paraguay,PRY,2019,554
Paraguay,PRY,2020,481
Paraguay,PRY,2021,525
Peru,PER,2011,1617
Peru,PER,2012,1968
Peru,PER,2013,2013
Peru,PER,2014,2076
Peru,PER,2015,2247
Peru,PER,2016,2435
Peru,PER,2017,2487
Peru,PER,2018,2452
Peru,PER,2019,2385
Peru,PER,2020,1903
Philippines,PHL,1990,9281
Philippines,PHL,1991,8707
Philippines,PHL,1992,8293
Philippines,PHL,1993,7758
Philippines,PHL,1994,6446
Philippines,PHL,1998,5913
Philippines,PHL,1999,5703
Philippines,PHL,2000,5735
Philippines,PHL,2001,5852
Philippines,PHL,2002,6553
Philippines,PHL,2007,5962
Philippines,PHL,2008,5820
Philippines,PHL,2009,9088
Philippines,PHL,2010,8645
Philippines,PHL,2011,8489
Philippines,PHL,2012,8484
Philippines,PHL,2016,11155
Philippines,PHL,2017,8268
Philippines,PHL,2018,5651
Philippines,PHL,2019,4764
Poland,POL,1990,679
Poland,POL,1991,849
Poland,POL,1992,857
Poland,POL,1993,905
Poland,POL,1994,917
Poland,POL,1995,853
Poland,POL,1996,873
Poland,POL,1997,807
Poland,POL,1998,759
Poland,POL,1999,741
Poland,POL,2000,855
Poland,POL,2001,776
Poland,POL,2002,716
Poland,POL,2008,326
Poland,POL,2009,387
Poland,POL,2010,384
Poland,POL,2011,422
Poland,POL,2012,409
Poland,POL,2013,305
Poland,POL,2014,287
Poland,POL,2015,298
Poland,POL,2016,260
Poland,POL,2017,287
Poland,POL,2018,273
Poland,POL,2019,253
Poland,POL,2020,266
Poland,POL,2021,273
Polynesia (UN),,2000,23.647394
Polynesia (UN),,2001,26.228127
Polynesia (UN),,2002,32.38403
Polynesia (UN),,2003,28.522356
Polynesia (UN),,2004,25.576681
Polynesia (UN),,2005,29.654186
Polynesia (UN),,2006,31.74957
Polynesia (UN),,2007,25.76948
Polynesia (UN),,2008,32.922142
Polynesia (UN),,2009,28.092577
Polynesia (UN),,2010,25.079355
Polynesia (UN),,2011,22.821012
Polynesia (UN),,2012,16.49384
Polynesia (UN),,2013,15.355476
Polynesia (UN),,2014,16.819223
Polynesia (UN),,2015,19.272255
Polynesia (UN),,2016,16.71995
Polynesia (UN),,2017,25.172346
Polynesia (UN),,2018,38.398613
Polynesia (UN),,2019,16.267439
Polynesia (UN),,2020,23.636263
Polynesia (UN),,2021,23.822966
Portugal,PRT,1990,154.86896
Portugal,PRT,1991,152.05316
Portugal,PRT,1992,142.66716
Portugal,PRT,1993,139.85136
Portugal,PRT,1994,143
Portugal,PRT,1995,109
Portugal,PRT,1996,106
Portugal,PRT,1997,114
Portugal,PRT,1998,125
Portugal,PRT,1999,109
Portugal,PRT,2000,116
Portugal,PRT,2001,105
Portugal,PRT,2002,119
Portugal,PRT,2005,135
Portugal,PRT,2010,124
Portugal,PRT,2011,114
Portugal,PRT,2012,122
Portugal,PRT,2013,144
Portugal,PRT,2014,92
Portugal,PRT,2015,100
Portugal,PRT,2016,66
Portugal,PRT,2017,76
Portugal,PRT,2018,81
Portugal,PRT,2019,73
Portugal,PRT,2020,81
Portugal,PRT,2021,82
Puerto Rico,PRI,1990,600
Puerto Rico,PRI,1991,817
Puerto Rico,PRI,1992,864
Puerto Rico,PRI,1993,954
Puerto Rico,PRI,1994,995
Puerto Rico,PRI,1995,864
Puerto Rico,PRI,1996,868
Puerto Rico,PRI,1997,724
Puerto Rico,PRI,1998,652
Puerto Rico,PRI,1999,593
Puerto Rico,PRI,2000,734
Puerto Rico,PRI,2001,802
Puerto Rico,PRI,2002,820
Puerto Rico,PRI,2003,818
Puerto Rico,PRI,2004,843
Puerto Rico,PRI,2005,825
Puerto Rico,PRI,2006,783
Puerto Rico,PRI,2007,774
Puerto Rico,PRI,2008,874
Puerto Rico,PRI,2009,956
Puerto Rico,PRI,2010,1030
Puerto Rico,PRI,2011,1179
Puerto Rico,PRI,2012,1015
Puerto Rico,PRI,2013,924
Puerto Rico,PRI,2014,704
Puerto Rico,PRI,2015,614
Puerto Rico,PRI,2016,704
Puerto Rico,PRI,2017,728
Puerto Rico,PRI,2018,664
Puerto Rico,PRI,2019,633
Puerto Rico,PRI,2020,556
Qatar,QAT,1990,4
Qatar,QAT,1991,4
Qatar,QAT,1992,6
Qatar,QAT,1993,4
Qatar,QAT,1994,5
Qatar,QAT,1998,2
Qatar,QAT,1999,3
Qatar,QAT,2000,1
Qatar,QAT,2001,5
Qatar,QAT,2004,5
Qatar,QAT,2005,6
Qatar,QAT,2006,5
Qatar,QAT,2007,9
Qatar,QAT,2008,12
Qatar,QAT,2009,8
Qatar,QAT,2010,4
Qatar,QAT,2011,4
Qatar,QAT,2012,7
Qatar,QAT,2013,9
Qatar,QAT,2014,9
Qatar,QAT,2015,6
Qatar,QAT,2016,12
Qatar,QAT,2017,12
Qatar,QAT,2018,10
Qatar,QAT,2019,11
Qatar,QAT,2020,12
Qatar,QAT,2021,9
Reunion,REU,2004,23
Reunion,REU,2005,25
Reunion,REU,2006,19
Reunion,REU,2007,24
Reunion,REU,2008,18
Reunion,REU,2009,15
Romania,ROU,1990,796
Romania,ROU,1991,826
Romania,ROU,1992,839
Romania,ROU,1993,737
Romania,ROU,1994,776
Romania,ROU,1995,758
Romania,ROU,1996,722
Romania,ROU,1997,693
Romania,ROU,1998,561
Romania,ROU,1999,566
Romania,ROU,2000,556
Romania,ROU,2001,699
Romania,ROU,2002,656
Romania,ROU,2003,696
Romania,ROU,2004,487
Romania,ROU,2005,433
Romania,ROU,2006,357
Romania,ROU,2007,379
Romania,ROU,2008,302
Romania,ROU,2009,258
Romania,ROU,2010,266
Romania,ROU,2011,205
Romania,ROU,2012,212
Romania,ROU,2013,218
Romania,ROU,2014,325
Romania,ROU,2015,339
Romania,ROU,2016,306
Romania,ROU,2017,255
Romania,ROU,2018,250
Romania,ROU,2019,244
Romania,ROU,2020,281
Romania,ROU,2021,244
Russia,RUS,1990,21145
Russia,RUS,1991,22621
Russia,RUS,1992,33912
Russia,RUS,1993,45060
Russia,RUS,1994,47870
Russia,RUS,1995,45257
Russia,RUS,1996,39083
Russia,RUS,1997,34995
Russia,RUS,1998,33553
Russia,RUS,1999,38225
Russia,RUS,2000,41090
Russia,RUS,2001,42921
Russia,RUS,2002,44252
Russia,RUS,2003,41764
Russia,RUS,2004,39256
Russia,RUS,2005,35636
Russia,RUS,2006,28844
Russia,RUS,2007,25377
Russia,RUS,2008,18188
Russia,RUS,2009,17659
Russia,RUS,2010,16690
Russia,RUS,2011,16175
Russia,RUS,2012,16247
Russia,RUS,2013,16033
Russia,RUS,2014,16516
Russia,RUS,2015,16646
Russia,RUS,2016,15864
Russia,RUS,2017,13293
Russia,RUS,2018,11964
Russia,RUS,2019,11202
Russia,RUS,2020,10697
Russia,RUS,2021,9866
Rwanda,RWA,2006,319
Rwanda,RWA,2007,268
Rwanda,RWA,2008,144
Rwanda,RWA,2010,291
Rwanda,RWA,2012,256
Rwanda,RWA,2013,359
Rwanda,RWA,2014,428
Rwanda,RWA,2015,293
Rwanda,RWA,2016,392
Rwanda,RWA,2017,470
Rwanda,RWA,2018,285
Rwanda,RWA,2019,404
Rwanda,RWA,2020,472
Saint Helena,SHN,1994,0
Saint Helena,SHN,1995,0
Saint Helena,SHN,1996,0
Saint Helena,SHN,1997,0
Saint Helena,SHN,1998,0
Saint Helena,SHN,1999,0
Saint Helena,SHN,2000,0
Saint Helena,SHN,2001,0
Saint Helena,SHN,2002,0
Saint Helena,SHN,2003,0
Saint Helena,SHN,2004,1
Saint Helena,SHN,2005,0
Saint Helena,SHN,2006,0
Saint Helena,SHN,2007,0
Saint Helena,SHN,2008,0
Saint Helena,SHN,2009,0
Saint Kitts and Nevis,KNA,1995,4
Saint Kitts and Nevis,KNA,1996,4
Saint Kitts and Nevis,KNA,1997,7
Saint Kitts and Nevis,KNA,1998,8
Saint Kitts and Nevis,KNA,1999,6
Saint Kitts and Nevis,KNA,2000,3
Saint Kitts and Nevis,KNA,2001,6
Saint Kitts and Nevis,KNA,2002,5
Saint Kitts and Nevis,KNA,2003,10
Saint Kitts and Nevis,KNA,2004,11
Saint Kitts and Nevis,KNA,2005,8
Saint Kitts and Nevis,KNA,2006,17
Saint Kitts and Nevis,KNA,2007,16
Saint Kitts and Nevis,KNA,2008,23
Saint Kitts and Nevis,KNA,2009,27
Saint Kitts and Nevis,KNA,2010,21
Saint Kitts and Nevis,KNA,2011,34
Saint Kitts and Nevis,KNA,2012,18
Saint Kitts and Nevis,KNA,2016,30
Saint Kitts and Nevis,KNA,2017,23
Saint Kitts and Nevis,KNA,2018,23
Saint Kitts and Nevis,KNA,2019,12
Saint Kitts and Nevis,KNA,2020,10
Saint Kitts and Nevis,KNA,2021,14
Saint Lucia,LCA,1990,14
Saint Lucia,LCA,1991,10
Saint Lucia,LCA,1992,14
Saint Lucia,LCA,1993,8
Saint Lucia,LCA,1994,10
Saint Lucia,LCA,1995,16
Saint Lucia,LCA,1996,12
Saint Lucia,LCA,1997,13
Saint Lucia,LCA,1998,14
Saint Lucia,LCA,1999,16
Saint Lucia,LCA,2000,23
Saint Lucia,LCA,2001,34
Saint Lucia,LCA,2002,42
Saint Lucia,LCA,2003,36
Saint Lucia,LCA,2004,37
Saint Lucia,LCA,2005,41
Saint Lucia,LCA,2006,43
Saint Lucia,LCA,2007,29
Saint Lucia,LCA,2008,39
Saint Lucia,LCA,2009,39
Saint Lucia,LCA,2010,44
Saint Lucia,LCA,2011,46
Saint Lucia,LCA,2012,39
Saint Lucia,LCA,2013,33
Saint Lucia,LCA,2014,34
Saint Lucia,LCA,2015,28
Saint Lucia,LCA,2016,30
Saint Lucia,LCA,2017,49
Saint Lucia,LCA,2018,37
Saint Lucia,LCA,2019,46
Saint Lucia,LCA,2020,52
Saint Lucia,LCA,2021,70
Saint Martin (French part),MAF,2011,8
Saint Martin (French part),MAF,2012,2
Saint Martin (French part),MAF,2013,8
Saint Martin (French part),MAF,2014,8
Saint Martin (French part),MAF,2015,6
Saint Martin (French part),MAF,2016,10
Saint Pierre and Miquelon,SPM,2006,0
Saint Pierre and Miquelon,SPM,2007,0
Saint Pierre and Miquelon,SPM,2008,1
Saint Pierre and Miquelon,SPM,2009,1
Saint Vincent and the Grenadines,VCT,1990,11
Saint Vincent and the Grenadines,VCT,1991,18
Saint Vincent and the Grenadines,VCT,1992,18
Saint Vincent and the Grenadines,VCT,1993,14
Saint Vincent and the Grenadines,VCT,1994,13
Saint Vincent and the Grenadines,VCT,1995,20
Saint Vincent and the Grenadines,VCT,1996,24
Saint Vincent and the Grenadines,VCT,1997,9
Saint Vincent and the Grenadines,VCT,1998,24
Saint Vincent and the Grenadines,VCT,1999,14
Saint Vincent and the Grenadines,VCT,2000,20
Saint Vincent and the Grenadines,VCT,2001,12
Saint Vincent and the Grenadines,VCT,2002,20
Saint Vincent and the Grenadines,VCT,2003,18
Saint Vincent and the Grenadines,VCT,2004,29
Saint Vincent and the Grenadines,VCT,2005,26
Saint Vincent and the Grenadines,VCT,2006,20
Saint Vincent and the Grenadines,VCT,2007,40
Saint Vincent and the Grenadines,VCT,2008,16
Saint Vincent and the Grenadines,VCT,2009,23
Saint Vincent and the Grenadines,VCT,2010,25
Saint Vincent and the Grenadines,VCT,2016,40
Saint Vincent and the Grenadines,VCT,2017,39
Saint Vincent and the Grenadines,VCT,2018,34
Saint Vincent and the Grenadines,VCT,2019,19
Saint Vincent and the Grenadines,VCT,2020,33
Saint Vincent and the Grenadines,VCT,2021,32
Samoa,WSM,2009,16
Samoa,WSM,2010,16
Samoa,WSM,2013,6
Samoa,WSM,2017,7
Samoa,WSM,2018,13
San Marino,SMR,1995,0
San Marino,SMR,1996,0
San Marino,SMR,1997,0
San Marino,SMR,1998,0
San Marino,SMR,1999,0
San Marino,SMR,2000,0
San Marino,SMR,2001,0
San Marino,SMR,2002,1
San Marino,SMR,2003,0
San Marino,SMR,2004,0
San Marino,SMR,2005,0
San Marino,SMR,2006,0
San Marino,SMR,2007,0
San Marino,SMR,2008,0
San Marino,SMR,2009,0
San Marino,SMR,2010,0
San Marino,SMR,2011,0
Sao Tome and Principe,STP,1990,8
Sao Tome and Principe,STP,1991,7
Sao Tome and Principe,STP,1992,12
Sao Tome and Principe,STP,1993,8
Sao Tome and Principe,STP,1994,8
Sao Tome and Principe,STP,2006,4
Sao Tome and Principe,STP,2007,4
Sao Tome and Principe,STP,2008,14
Sao Tome and Principe,STP,2009,5
Sao Tome and Principe,STP,2010,6
Sao Tome and Principe,STP,2011,6
Saudi Arabia,SAU,1999,184
Saudi Arabia,SAU,2000,173
Saudi Arabia,SAU,2001,229
Saudi Arabia,SAU,2002,285
Saudi Arabia,SAU,2003,250
Saudi Arabia,SAU,2004,301
Saudi Arabia,SAU,2005,297
Saudi Arabia,SAU,2006,255
Saudi Arabia,SAU,2007,265
Saudi Arabia,SAU,2018,224
Saudi Arabia,SAU,2019,285
Serbia,SRB,2000,228
Serbia,SRB,2001,243
Serbia,SRB,2002,200
Serbia,SRB,2003,176
Serbia,SRB,2004,164
Serbia,SRB,2005,147
Serbia,SRB,2006,156
Serbia,SRB,2007,171
Serbia,SRB,2008,140
Serbia,SRB,2009,154
Serbia,SRB,2010,132
Serbia,SRB,2011,129
Serbia,SRB,2012,110
Serbia,SRB,2013,139
Serbia,SRB,2014,118
Serbia,SRB,2015,100
Serbia,SRB,2016,116
Serbia,SRB,2017,86
Serbia,SRB,2018,105
Serbia,SRB,2019,88
Serbia,SRB,2020,84
Serbia,SRB,2021,77
Seychelles,SYC,2004,10
Seychelles,SYC,2006,9
Seychelles,SYC,2007,8
Seychelles,SYC,2008,6
Seychelles,SYC,2009,14
Seychelles,SYC,2010,9
Seychelles,SYC,2011,16
Seychelles,SYC,2012,4
Seychelles,SYC,2013,18
Seychelles,SYC,2014,16
Seychelles,SYC,2015,7
Seychelles,SYC,2016,12
Seychelles,SYC,2017,7
Seychelles,SYC,2018,9
Seychelles,SYC,2019,10
Seychelles,SYC,2020,9
Seychelles,SYC,2021,5
Sierra Leone,SLE,2004,112
Sierra Leone,SLE,2005,99
Sierra Leone,SLE,2006,101
Sierra Leone,SLE,2007,134
Sierra Leone,SLE,2008,184
Sierra Leone,SLE,2009,158
Sierra Leone,SLE,2010,163
Sierra Leone,SLE,2011,187
Sierra Leone,SLE,2012,113
Sierra Leone,SLE,2015,124
Sierra Leone,SLE,2020,176
Singapore,SGP,1990,47
Singapore,SGP,1991,51
Singapore,SGP,1992,43
Singapore,SGP,1993,58
Singapore,SGP,1994,49
Singapore,SGP,1995,54
Singapore,SGP,1996,33
Singapore,SGP,1997,38
Singapore,SGP,1998,40
Singapore,SGP,1999,39
Singapore,SGP,2000,41
Singapore,SGP,2001,32
Singapore,SGP,2002,31
Singapore,SGP,2003,27
Singapore,SGP,2004,20
Singapore,SGP,2006,17
Singapore,SGP,2007,18
Singapore,SGP,2008,27
Singapore,SGP,2009,20
Singapore,SGP,2010,19
Singapore,SGP,2011,16
Singapore,SGP,2012,11
Singapore,SGP,2013,17
Singapore,SGP,2014,14
Singapore,SGP,2015,14
Singapore,SGP,2016,18
Singapore,SGP,2017,11
Singapore,SGP,2018,9
Singapore,SGP,2019,12
Singapore,SGP,2020,10
Singapore,SGP,2021,6
Slovakia,SVK,1990,93
Slovakia,SVK,1991,128
Slovakia,SVK,1993,137
Slovakia,SVK,1994,129
Slovakia,SVK,1995,128
Slovakia,SVK,1996,132
Slovakia,SVK,1997,140
Slovakia,SVK,1998,128
Slovakia,SVK,1999,141
Slovakia,SVK,2000,129
Slovakia,SVK,2001,118
Slovakia,SVK,2002,121
Slovakia,SVK,2003,137
Slovakia,SVK,2004,108
Slovakia,SVK,2005,93
Slovakia,SVK,2006,82
Slovakia,SVK,2007,82
Slovakia,SVK,2008,86
Slovakia,SVK,2009,78
Slovakia,SVK,2010,89
Slovakia,SVK,2011,96
Slovakia,SVK,2012,75
Slovakia,SVK,2013,78
Slovakia,SVK,2014,72
Slovakia,SVK,2015,48
Slovakia,SVK,2016,60
Slovakia,SVK,2017,80
Slovakia,SVK,2018,67
Slovakia,SVK,2019,76
Slovakia,SVK,2020,63
Slovakia,SVK,2021,55
Slovenia,SVN,1990,41
Slovenia,SVN,1991,40
Slovenia,SVN,1992,48
Slovenia,SVN,1993,26
Slovenia,SVN,1994,41
Slovenia,SVN,1995,44
Slovenia,SVN,1996,38
Slovenia,SVN,1997,36
Slovenia,SVN,1998,14
Slovenia,SVN,1999,25
Slovenia,SVN,2000,36
Slovenia,SVN,2001,28
Slovenia,SVN,2002,36
Slovenia,SVN,2003,21
Slovenia,SVN,2004,27
Slovenia,SVN,2005,20
Slovenia,SVN,2006,12
Slovenia,SVN,2007,24
Slovenia,SVN,2008,10
Slovenia,SVN,2009,13
Slovenia,SVN,2010,15
Slovenia,SVN,2011,16
Slovenia,SVN,2012,14
Slovenia,SVN,2013,12
Slovenia,SVN,2014,16
Slovenia,SVN,2015,20
Slovenia,SVN,2016,10
Slovenia,SVN,2017,19
Slovenia,SVN,2018,9
Slovenia,SVN,2019,14
Slovenia,SVN,2020,11
Slovenia,SVN,2021,9
Solomon Islands,SLB,2004,20
Solomon Islands,SLB,2005,26
Solomon Islands,SLB,2006,23
Solomon Islands,SLB,2007,26
Solomon Islands,SLB,2008,19
South Africa,ZAF,1994,25965
South Africa,ZAF,1995,26877
South Africa,ZAF,1996,25470
South Africa,ZAF,1997,24486
South Africa,ZAF,1998,25127
South Africa,ZAF,1999,22604
South Africa,ZAF,2000,21758
South Africa,ZAF,2001,21405
South Africa,ZAF,2002,21553
South Africa,ZAF,2003,19824
South Africa,ZAF,2004,18793
South Africa,ZAF,2005,18528
South Africa,ZAF,2006,19106
South Africa,ZAF,2007,18400
South Africa,ZAF,2008,18084
South Africa,ZAF,2009,16767
South Africa,ZAF,2010,15893
South Africa,ZAF,2011,15554
South Africa,ZAF,2012,16213
South Africa,ZAF,2013,17023
South Africa,ZAF,2014,17805
South Africa,ZAF,2015,18673
South Africa,ZAF,2016,19016
South Africa,ZAF,2017,20336
South Africa,ZAF,2018,21022
South Africa,ZAF,2019,21325
South Africa,ZAF,2020,19972
South Africa,ZAF,2021,24865
South Korea,KOR,1990,208.03244
South Korea,KOR,1991,216.55518
South Korea,KOR,1992,239.79903
South Korea,KOR,1993,306.4314
South Korea,KOR,1994,223.52834
South Korea,KOR,1995,228.1771
South Korea,KOR,1996,246.38478
South Korea,KOR,1997,277.3766
South Korea,KOR,1998,377.71252
South Korea,KOR,1999,384.68567
South Korea,KOR,2000,369.96457
South Korea,KOR,2001,407.15472
South Korea,KOR,2002,370.73935
South Korea,KOR,2003,386.62265
South Korea,KOR,2004,419.93884
South Korea,KOR,2005,411.0287
South Korea,KOR,2006,415.67746
South Korea,KOR,2007,430.39856
South Korea,KOR,2008,429.62378
South Korea,KOR,2009,532.2841
South Korea,KOR,2010,484.63422
South Korea,KOR,2011,403
South Korea,KOR,2012,435
South Korea,KOR,2013,352
South Korea,KOR,2014,377
South Korea,KOR,2015,375
South Korea,KOR,2016,356
South Korea,KOR,2017,301
South Korea,KOR,2018,309
South Korea,KOR,2019,297
South Korea,KOR,2020,308
South Korea,KOR,2021,270
South Sudan,SSD,2012,1504
Spain,ESP,1990,483.95798
Spain,ESP,1991,439.4999
Spain,ESP,1992,440.77014
Spain,ESP,1993,473.79614
Spain,ESP,1994,429
Spain,ESP,1995,411
Spain,ESP,1996,397
Spain,ESP,1997,463
Spain,ESP,1998,522
Spain,ESP,1999,486
Spain,ESP,2000,553
Spain,ESP,2001,577
Spain,ESP,2002,564
Spain,ESP,2003,587
Spain,ESP,2004,520
Spain,ESP,2005,518
Spain,ESP,2006,476
Spain,ESP,2007,482
Spain,ESP,2008,407
Spain,ESP,2009,412
Spain,ESP,2010,401
Spain,ESP,2011,385
Spain,ESP,2012,364
Spain,ESP,2013,302
Spain,ESP,2014,323
Spain,ESP,2015,302
Spain,ESP,2016,294
Spain,ESP,2017,307
Spain,ESP,2018,289
Spain,ESP,2019,331
Spain,ESP,2020,298
Spain,ESP,2021,290
Sri Lanka,LKA,1990,1985
Sri Lanka,LKA,1995,1614
Sri Lanka,LKA,1996,1775
Sri Lanka,LKA,1997,1851
Sri Lanka,LKA,1999,1919
Sri Lanka,LKA,2005,1219
Sri Lanka,LKA,2006,2044
Sri Lanka,LKA,2008,2002
Sri Lanka,LKA,2009,1099
Sri Lanka,LKA,2010,763
Sri Lanka,LKA,2011,732
Sri Lanka,LKA,2012,676
Sri Lanka,LKA,2013,619
Sri Lanka,LKA,2014,553
Sri Lanka,LKA,2015,487
Sri Lanka,LKA,2016,530
Sri Lanka,LKA,2017,486
Sri Lanka,LKA,2018,514
Sri Lanka,LKA,2019,742
Suriname,SUR,2000,68
Suriname,SUR,2001,79
Suriname,SUR,2002,57
Suriname,SUR,2003,60
Suriname,SUR,2004,46
Suriname,SUR,2005,69
Suriname,SUR,2006,62
Suriname,SUR,2007,45
Suriname,SUR,2008,43
Suriname,SUR,2013,29
Suriname,SUR,2014,32
Suriname,SUR,2015,34
Suriname,SUR,2016,41
Suriname,SUR,2017,36
Suriname,SUR,2018,38
Suriname,SUR,2019,30
Suriname,SUR,2020,55
Suriname,SUR,2021,35
Sweden,SWE,1990,95
Sweden,SWE,1991,115
Sweden,SWE,1992,114
Sweden,SWE,1993,108
Sweden,SWE,1994,100
Sweden,SWE,1995,87
Sweden,SWE,1996,99
Sweden,SWE,1997,87
Sweden,SWE,1998,92
Sweden,SWE,1999,101
Sweden,SWE,2000,96
Sweden,SWE,2001,87
Sweden,SWE,2002,101
Sweden,SWE,2003,85
Sweden,SWE,2004,107
Sweden,SWE,2005,83
Sweden,SWE,2006,91
Sweden,SWE,2007,111
Sweden,SWE,2008,82
Sweden,SWE,2009,93
Sweden,SWE,2010,91
Sweden,SWE,2011,81
Sweden,SWE,2012,68
Sweden,SWE,2013,87
Sweden,SWE,2014,87
Sweden,SWE,2015,112
Sweden,SWE,2016,106
Sweden,SWE,2017,113
Sweden,SWE,2018,108
Sweden,SWE,2019,111
Sweden,SWE,2020,124
Sweden,SWE,2021,113
Switzerland,CHE,1990,110
Switzerland,CHE,1991,98
Switzerland,CHE,1992,93
Switzerland,CHE,1993,105
Switzerland,CHE,1994,80
Switzerland,CHE,1995,82
Switzerland,CHE,1996,83
Switzerland,CHE,1997,87
Switzerland,CHE,1998,76
Switzerland,CHE,1999,89
Switzerland,CHE,2000,69
Switzerland,CHE,2001,86
Switzerland,CHE,2002,86
Switzerland,CHE,2009,51
Switzerland,CHE,2010,52
Switzerland,CHE,2011,46
Switzerland,CHE,2012,45
Switzerland,CHE,2013,57
Switzerland,CHE,2014,41
Switzerland,CHE,2015,57
Switzerland,CHE,2016,45
Switzerland,CHE,2017,45
Switzerland,CHE,2018,50
Switzerland,CHE,2019,46
Switzerland,CHE,2020,47
Switzerland,CHE,2021,42
Syria,SYR,1997,296
Syria,SYR,1998,336
Syria,SYR,1999,330
Syria,SYR,2000,357
Syria,SYR,2001,376
Syria,SYR,2002,368
Syria,SYR,2003,405
Syria,SYR,2004,426
Syria,SYR,2005,430
Syria,SYR,2006,446
Syria,SYR,2007,533
Syria,SYR,2008,529
Syria,SYR,2009,476
Syria,SYR,2010,463
Tajikistan,TJK,1990,168
Tajikistan,TJK,1991,148
Tajikistan,TJK,1992,605
Tajikistan,TJK,1993,1304
Tajikistan,TJK,1994,636
Tajikistan,TJK,1995,435
Tajikistan,TJK,1996,484
Tajikistan,TJK,1997,498
Tajikistan,TJK,1998,491
Tajikistan,TJK,1999,357
Tajikistan,TJK,2000,283
Tajikistan,TJK,2001,233
Tajikistan,TJK,2002,180
Tajikistan,TJK,2003,164
Tajikistan,TJK,2004,142
Tajikistan,TJK,2005,157
Tajikistan,TJK,2006,194
Tajikistan,TJK,2007,132
Tajikistan,TJK,2008,100
Tajikistan,TJK,2009,97
Tajikistan,TJK,2010,181
Tajikistan,TJK,2011,126
Tajikistan,TJK,2020,87
Tanzania,TZA,1995,2110
Tanzania,TZA,1996,2283
Tanzania,TZA,1997,2355
Tanzania,TZA,2003,2778
Tanzania,TZA,2004,2926
Tanzania,TZA,2010,3888
Tanzania,TZA,2011,4149
Tanzania,TZA,2012,4092
Tanzania,TZA,2013,3697
Tanzania,TZA,2015,3746
Tanzania,TZA,2016,3439
Tanzania,TZA,2017,3147
Tanzania,TZA,2018,2734
Tanzania,TZA,2019,2719
Tanzania,TZA,2020,2286
Thailand,THA,1990,5344
Thailand,THA,1991,5585.6973
Thailand,THA,1992,5958.6387
Thailand,THA,1993,5482.2363
Thailand,THA,1994,5005.834
Thailand,THA,1995,4542
Thailand,THA,1996,4474
Thailand,THA,1997,4787
Thailand,THA,1998,5361
Thailand,THA,1999,5052
Thailand,THA,2000,5142
Thailand,THA,2001,5020
Thailand,THA,2002,4538
Thailand,THA,2003,6434
Thailand,THA,2004,4273
Thailand,THA,2005,4806
Thailand,THA,2006,4687
Thailand,THA,2007,4435
Thailand,THA,2008,3974
Thailand,THA,2009,3703
Thailand,THA,2010,3654
Thailand,THA,2011,3307
Tonga,TON,1995,2
Tonga,TON,1996,2
Tonga,TON,1997,2
Tonga,TON,2000,1
Tonga,TON,2001,6
Tonga,TON,2002,6
Tonga,TON,2003,6
Tonga,TON,2004,2
Tonga,TON,2005,4
Tonga,TON,2006,8
Tonga,TON,2007,1
Tonga,TON,2008,4
Tonga,TON,2009,8
Tonga,TON,2010,1
Tonga,TON,2011,2
Tonga,TON,2012,1
Tonga,TON,2018,10
Tonga,TON,2019,1
Trinidad and Tobago,TTO,2000,120
Trinidad and Tobago,TTO,2001,151
Trinidad and Tobago,TTO,2002,171
Trinidad and Tobago,TTO,2003,229
Trinidad and Tobago,TTO,2004,260
Trinidad and Tobago,TTO,2005,386
Trinidad and Tobago,TTO,2006,371
Trinidad and Tobago,TTO,2007,391
Trinidad and Tobago,TTO,2008,547
Trinidad and Tobago,TTO,2009,507
Trinidad and Tobago,TTO,2010,473
Trinidad and Tobago,TTO,2011,352
Trinidad and Tobago,TTO,2012,380
Trinidad and Tobago,TTO,2013,407
Trinidad and Tobago,TTO,2014,405
Trinidad and Tobago,TTO,2015,420
Trinidad and Tobago,TTO,2016,463
Trinidad and Tobago,TTO,2017,495
Trinidad and Tobago,TTO,2018,517
Trinidad and Tobago,TTO,2019,539
Trinidad and Tobago,TTO,2020,399
Trinidad and Tobago,TTO,2021,448
Tunisia,TUN,2004,195
Tunisia,TUN,2005,260
Tunisia,TUN,2006,249
Tunisia,TUN,2007,273
Tunisia,TUN,2008,280
Tunisia,TUN,2009,255
Tunisia,TUN,2010,286
Tunisia,TUN,2012,332
Tunisia,TUN,2019,571
Tunisia,TUN,2020,562
Turkey,TUR,2003,2837
Turkey,TUR,2004,2914
Turkey,TUR,2005,3305
Turkey,TUR,2006,3168
Turkey,TUR,2007,3599
Turkey,TUR,2008,3257
Turkey,TUR,2010,3064
Turkey,TUR,2011,3061
Turkey,TUR,2012,3216
Turkey,TUR,2015,2235
Turkey,TUR,2016,2704
Turkey,TUR,2017,2541
Turkey,TUR,2018,2161
Turkey,TUR,2019,2020
Turkey,TUR,2020,2108
Turkey,TUR,2021,2136
Turkmenistan,TKM,1990,332
Turkmenistan,TKM,1991,306
Turkmenistan,TKM,1992,296
Turkmenistan,TKM,1993,332
Turkmenistan,TKM,1994,308
Turkmenistan,TKM,1995,269
Turkmenistan,TKM,1996,334
Turkmenistan,TKM,1997,358
Turkmenistan,TKM,1998,345
Turkmenistan,TKM,1999,321
Turkmenistan,TKM,2000,267
Turkmenistan,TKM,2001,248
Turkmenistan,TKM,2002,241
Turkmenistan,TKM,2003,233
Turkmenistan,TKM,2004,209
Turkmenistan,TKM,2005,206
Turkmenistan,TKM,2006,203
Turkmenistan,TKM,2010,105
Turkmenistan,TKM,2011,100
Turkmenistan,TKM,2012,79
Turkmenistan,TKM,2013,84
Turkmenistan,TKM,2014,89
Turkmenistan,TKM,2015,63
Turks and Caicos Islands,TCA,1990,0
Turks and Caicos Islands,TCA,1991,0
Turks and Caicos Islands,TCA,1992,1
Turks and Caicos Islands,TCA,1993,1
Turks and Caicos Islands,TCA,1994,2
Turks and Caicos Islands,TCA,1995,1
Turks and Caicos Islands,TCA,1996,1
Turks and Caicos Islands,TCA,1997,2
Turks and Caicos Islands,TCA,1998,0
Turks and Caicos Islands,TCA,1999,0
Turks and Caicos Islands,TCA,2000,0
Turks and Caicos Islands,TCA,2001,0
Turks and Caicos Islands,TCA,2002,2
Turks and Caicos Islands,TCA,2003,0
Turks and Caicos Islands,TCA,2005,0
Turks and Caicos Islands,TCA,2007,2
Turks and Caicos Islands,TCA,2008,2
Turks and Caicos Islands,TCA,2009,2
Turks and Caicos Islands,TCA,2013,4
Turks and Caicos Islands,TCA,2014,2
Tuvalu,TUV,2002,0
Tuvalu,TUV,2003,0
Tuvalu,TUV,2004,0
Tuvalu,TUV,2005,0
Tuvalu,TUV,2006,0
Tuvalu,TUV,2007,0
Tuvalu,TUV,2008,0
Tuvalu,TUV,2009,0
Tuvalu,TUV,2010,1
Tuvalu,TUV,2011,1
Tuvalu,TUV,2012,2
Tuvalu,TUV,2019,0
Uganda,UGA,1995,1710
Uganda,UGA,1996,1806
Uganda,UGA,1997,1919
Uganda,UGA,2007,2645
Uganda,UGA,2008,2793
Uganda,UGA,2009,3233
Uganda,UGA,2010,3160
Uganda,UGA,2011,3753
Uganda,UGA,2012,4066
Uganda,UGA,2013,3857
Uganda,UGA,2014,4473
Uganda,UGA,2016,4482
Uganda,UGA,2017,4735
Uganda,UGA,2018,4497
Uganda,UGA,2019,4718
Uganda,UGA,2020,4460
Uganda,UGA,2021,3912
Ukraine,UKR,1990,2558
Ukraine,UKR,1991,2648
Ukraine,UKR,1992,3370
Ukraine,UKR,1993,3696
Ukraine,UKR,1994,4223
Ukraine,UKR,1995,4407
Ukraine,UKR,1996,4896
Ukraine,UKR,1997,4231
Ukraine,UKR,1998,4195
Ukraine,UKR,1999,4250
Ukraine,UKR,2000,4418
Ukraine,UKR,2001,4854
Ukraine,UKR,2002,4296
Ukraine,UKR,2003,4041
Ukraine,UKR,2004,3487
Ukraine,UKR,2005,3030
Ukraine,UKR,2006,2958
Ukraine,UKR,2007,2646
Ukraine,UKR,2008,2466
Ukraine,UKR,2009,2240
Ukraine,UKR,2010,1988
Ukraine,UKR,2012,2336
Ukraine,UKR,2014,2845
Ukraine,UKR,2017,2751
Ukraine,UKR,2018,2002
Ukraine,UKR,2019,1820
Ukraine,UKR,2020,1698
Ukraine,UKR,2021,1673
United Arab Emirates,ARE,2010,67
United Arab Emirates,ARE,2011,51
United Arab Emirates,ARE,2012,69
United Arab Emirates,ARE,2013,57
United Arab Emirates,ARE,2014,61
United Arab Emirates,ARE,2015,60
United Arab Emirates,ARE,2019,64
United Arab Emirates,ARE,2020,65
United Arab Emirates,ARE,2021,44
United Kingdom,GBR,1990,713.44666
United Kingdom,GBR,1991,734.17633
United Kingdom,GBR,1992,868.9193
United Kingdom,GBR,1993,885
United Kingdom,GBR,1994,919
United Kingdom,GBR,1995,900
United Kingdom,GBR,1996,840
United Kingdom,GBR,1997,865
United Kingdom,GBR,1998,921
United Kingdom,GBR,1999,920
United Kingdom,GBR,2000,915
United Kingdom,GBR,2001,966
United Kingdom,GBR,2002,1107
United Kingdom,GBR,2003,926
United Kingdom,GBR,2004,950
United Kingdom,GBR,2005,834
United Kingdom,GBR,2006,860
United Kingdom,GBR,2007,873
United Kingdom,GBR,2008,762
United Kingdom,GBR,2009,706
United Kingdom,GBR,2010,756
United Kingdom,GBR,2011,641
United Kingdom,GBR,2012,627
United Kingdom,GBR,2013,603
United Kingdom,GBR,2014,589
United Kingdom,GBR,2015,652
United Kingdom,GBR,2016,789
United Kingdom,GBR,2017,809
United Kingdom,GBR,2018,755
United Kingdom,GBR,2019,768
United Kingdom,GBR,2020,673
United States,USA,1990,23438
United States,USA,1991,24703
United States,USA,1992,23760
United States,USA,1993,24526
United States,USA,1994,23326
United States,USA,1995,21606
United States,USA,1996,19645
United States,USA,1997,18208
United States,USA,1998,16974
United States,USA,1999,15522
United States,USA,2000,15586
United States,USA,2001,19033
United States,USA,2002,16229
United States,USA,2006,17309
United States,USA,2007,17128
United States,USA,2008,16465
United States,USA,2009,15399
United States,USA,2010,14722
United States,USA,2011,14661
United States,USA,2012,14856
United States,USA,2013,14319
United States,USA,2014,14164
United States,USA,2015,15883
United States,USA,2016,17413
United States,USA,2017,17294
United States,USA,2018,16374
United States,USA,2019,16669
United States,USA,2020,21570
United States,USA,2021,22941
United States Virgin Islands,VIR,1997,30
United States Virgin Islands,VIR,1998,25
United States Virgin Islands,VIR,1999,27
United States Virgin Islands,VIR,2000,23
United States Virgin Islands,VIR,2001,28
United States Virgin Islands,VIR,2002,41
United States Virgin Islands,VIR,2003,31
United States Virgin Islands,VIR,2004,37
United States Virgin Islands,VIR,2005,37
United States Virgin Islands,VIR,2006,43
United States Virgin Islands,VIR,2007,43
United States Virgin Islands,VIR,2008,46
United States Virgin Islands,VIR,2009,50
United States Virgin Islands,VIR,2010,56
United States Virgin Islands,VIR,2011,45
United States Virgin Islands,VIR,2012,52
Uruguay,URY,1990,206
Uruguay,URY,1991,194
Uruguay,URY,1992,182
Uruguay,URY,1995,191
Uruguay,URY,1996,205
Uruguay,URY,1997,243
Uruguay,URY,1998,244
Uruguay,URY,1999,216
Uruguay,URY,2000,214
Uruguay,URY,2001,218
Uruguay,URY,2002,231
Uruguay,URY,2003,197
Uruguay,URY,2004,200
Uruguay,URY,2005,190
Uruguay,URY,2006,202
Uruguay,URY,2007,194
Uruguay,URY,2008,221
Uruguay,URY,2009,226
Uruguay,URY,2010,205
Uruguay,URY,2011,199
Uruguay,URY,2012,267
Uruguay,URY,2013,260
Uruguay,URY,2014,268
Uruguay,URY,2015,293
Uruguay,URY,2016,267
Uruguay,URY,2017,283
Uruguay,URY,2018,421
Uruguay,URY,2019,394
Uruguay,URY,2020,338
Uruguay,URY,2021,305
Uzbekistan,UZB,1990,1125
Uzbekistan,UZB,1991,1062
Uzbekistan,UZB,1992,1145
Uzbekistan,UZB,1993,1139
Uzbekistan,UZB,1994,1219
Uzbekistan,UZB,1995,1157
Uzbekistan,UZB,1996,1153
Uzbekistan,UZB,1997,1054
Uzbekistan,UZB,1998,1065
Uzbekistan,UZB,1999,1014
Uzbekistan,UZB,2000,1068
Uzbekistan,UZB,2001,1081
Uzbekistan,UZB,2002,1058
Uzbekistan,UZB,2003,963
Uzbekistan,UZB,2004,962
Uzbekistan,UZB,2005,910
Uzbekistan,UZB,2006,861
Uzbekistan,UZB,2007,815
Uzbekistan,UZB,2008,831
Uzbekistan,UZB,2015,506
Uzbekistan,UZB,2016,757
Uzbekistan,UZB,2017,591
Uzbekistan,UZB,2018,474
Uzbekistan,UZB,2019,396
Uzbekistan,UZB,2020,449
Uzbekistan,UZB,2021,479
Vanuatu,VUT,2019,2
Vanuatu,VUT,2020,1
Vatican,VAT,2009,0
Vatican,VAT,2010,0
Vatican,VAT,2011,0
Vatican,VAT,2012,0
Vatican,VAT,2013,0
Vatican,VAT,2014,0
Vatican,VAT,2015,0
Vatican,VAT,2019,0
Vatican,VAT,2020,0
Vatican,VAT,2021,0
Venezuela,VEN,1990,2474
Venezuela,VEN,1991,2502
Venezuela,VEN,1992,3266
Venezuela,VEN,1993,4292
Venezuela,VEN,1994,4733
Venezuela,VEN,1995,4481
Venezuela,VEN,1996,4961
Venezuela,VEN,1997,4225
Venezuela,VEN,1998,4550
Venezuela,VEN,1999,5974
Venezuela,VEN,2000,8022
Venezuela,VEN,2001,7960
Venezuela,VEN,2002,9617
Venezuela,VEN,2003,11342
Venezuela,VEN,2004,9719
Venezuela,VEN,2005,9964
Venezuela,VEN,2006,12257
Venezuela,VEN,2007,13156
Venezuela,VEN,2008,14589
Venezuela,VEN,2009,13985
Venezuela,VEN,2010,13080
Venezuela,VEN,2011,14098
Venezuela,VEN,2012,16072
Venezuela,VEN,2014,19030
Venezuela,VEN,2015,15654
Venezuela,VEN,2016,17407
Venezuela,VEN,2017,14665
Venezuela,VEN,2019,11874
Venezuela,VEN,2020,8384
Venezuela,VEN,2021,5444
Vietnam,VNM,2001,1004
Vietnam,VNM,2002,1067
Vietnam,VNM,2003,1059
Vietnam,VNM,2004,1063
Vietnam,VNM,2005,1053
Vietnam,VNM,2006,1048
Vietnam,VNM,2007,1168
Vietnam,VNM,2008,1092
Vietnam,VNM,2009,1233
Vietnam,VNM,2010,1336
Vietnam,VNM,2011,1358
World,OWID_WRL,2000,424387.1
World,OWID_WRL,2001,435484.34
World,OWID_WRL,2002,438760.53
World,OWID_WRL,2003,432725.97
World,OWID_WRL,2004,423863.78
World,OWID_WRL,2005,415795.25
World,OWID_WRL,2006,413275.56
World,OWID_WRL,2007,406997.8
World,OWID_WRL,2008,411813.1
World,OWID_WRL,2009,420450.1
World,OWID_WRL,2010,424328.62
World,OWID_WRL,2011,435152.4
World,OWID_WRL,2012,442400.38
World,OWID_WRL,2013,441084.66
World,OWID_WRL,2014,445889.94
World,OWID_WRL,2015,439220.44
World,OWID_WRL,2016,447753.7
World,OWID_WRL,2017,450526.47
World,OWID_WRL,2018,442366.84
World,OWID_WRL,2019,431262.25
World,OWID_WRL,2020,431912.16
World,OWID_WRL,2021,457945.5
Yemen,YEM,1998,615
Yemen,YEM,1999,1024
Yemen,YEM,2000,697
Yemen,YEM,2003,704
Yemen,YEM,2004,646
Yemen,YEM,2009,990
Yemen,YEM,2010,1099
Yemen,YEM,2011,1375
Yemen,YEM,2012,1616
Yemen,YEM,2013,1703
Zambia,ZMB,1990,550
Zambia,ZMB,1991,684
Zambia,ZMB,1992,768
Zambia,ZMB,1993,745
Zambia,ZMB,1994,831
Zambia,ZMB,1998,872
Zambia,ZMB,1999,1072
Zambia,ZMB,2000,797
Zambia,ZMB,2008,694
Zambia,ZMB,2009,812
Zambia,ZMB,2010,814
Zambia,ZMB,2011,863
Zambia,ZMB,2012,885
Zambia,ZMB,2013,867
Zambia,ZMB,2014,825
Zambia,ZMB,2015,853
Zimbabwe,ZWE,1990,587
Zimbabwe,ZWE,2001,1529
Zimbabwe,ZWE,2002,1623
Zimbabwe,ZWE,2003,1360
Zimbabwe,ZWE,2004,1356
Zimbabwe,ZWE,2005,1350
Zimbabwe,ZWE,2006,1072
Zimbabwe,ZWE,2010,711
Zimbabwe,ZWE,2012,981
Zimbabwe,ZWE,2018,734
Zimbabwe,ZWE,2019,790
Zimbabwe,ZWE,2020,780
Zimbabwe,ZWE,2021,982